file_path,label
dataset/male/Robert_Mueller_0002.jpg,Male
dataset/male/Arminio_Fraga_0005.jpg,Male
dataset/male/John_Abizaid_0003.jpg,Male
dataset/male/Robert_Blake_0003.jpg,Male
dataset/male/Tiger_Woods_0004.jpg,Male
dataset/male/Tony_Blair_0002.jpg,Male
dataset/male/Michael_Schumacher_0001.jpg,Male
dataset/male/LeBron_James_0005.jpg,Male
dataset/male/Boris_Becker_0001.jpg,Male
dataset/male/Gil_de_Ferran_0004.jpg,Male
dataset/male/David_Beckham_0002.jpg,Male
dataset/male/Donald_Rumsfeld_0001.jpg,Male
dataset/male/John_Howard_0001.jpg,Male
dataset/male/Jack_Straw_0002.jpg,Male
dataset/male/Joschka_Fischer_0004.jpg,Male
dataset/male/William_Ford_Jr_0001.jpg,Male
dataset/male/Vladimir_Putin_0002.jpg,Male
dataset/male/Charles_Moose_0001.jpg,Male
dataset/male/Carlos_Moya_0004.jpg,Male
dataset/male/Richard_Armitage_0005.jpg,Male
dataset/male/Pedro_Malan_0004.jpg,Male
dataset/male/Sourav_Ganguly_0005.jpg,Male
dataset/male/Richard_Gephardt_0001.jpg,Male
dataset/male/Jeb_Bush_0001.jpg,Male
dataset/male/Elton_John_0003.jpg,Male
dataset/male/Kim_Dae-jung_0002.jpg,Male
dataset/male/Mike_Weir_0001.jpg,Male
dataset/male/Ricardo_Lagos_0005.jpg,Male
dataset/male/Jonathan_Edwards_0005.jpg,Male
dataset/male/Al_Gore_0005.jpg,Male
dataset/male/Alan_Greenspan_0005.jpg,Male
dataset/male/Cruz_Bustamante_0001.jpg,Male
dataset/male/Marco_Antonio_Barrera_0003.jpg,Male
dataset/male/Roh_Moo-hyun_0005.jpg,Male
dataset/male/Emanuel_Ginobili_0002.jpg,Male
dataset/male/Muhammad_Saeed_al-Sahhaf_0005.jpg,Male
dataset/male/Tom_Ridge_0004.jpg,Male
dataset/male/Elizabeth_Hurley_0001.jpg,Male
dataset/male/Choi_Sung-hong_0005.jpg,Male
dataset/male/Hugo_Chavez_0003.jpg,Male
dataset/male/Thabo_Mbeki_0005.jpg,Male
dataset/male/Brad_Johnson_0001.jpg,Male
dataset/male/John_Ashcroft_0004.jpg,Male
dataset/male/George_Robertson_0001.jpg,Male
dataset/male/Martin_Scorsese_0004.jpg,Male
dataset/male/Jesse_Jackson_0003.jpg,Male
dataset/male/Joseph_Biden_0004.jpg,Male
dataset/male/Kurt_Warner_0001.jpg,Male
dataset/male/Colin_Farrell_0005.jpg,Male
dataset/male/Alejandro_Toledo_0001.jpg,Male
dataset/male/Jason_Kidd_0004.jpg,Male
dataset/male/Enrique_Bolanos_0002.jpg,Male
dataset/male/Jay_Garner_0003.jpg,Male
dataset/male/Enrique_Bolanos_0003.jpg,Male
dataset/male/Jay_Garner_0002.jpg,Male
dataset/male/Vicente_Fernandez_0003.jpg,Male
dataset/male/Colin_Farrell_0004.jpg,Male
dataset/male/Jason_Kidd_0005.jpg,Male
dataset/male/Joseph_Biden_0005.jpg,Male
dataset/male/Jesse_Jackson_0002.jpg,Male
dataset/male/John_Ashcroft_0005.jpg,Male
dataset/male/Martin_Scorsese_0005.jpg,Male
dataset/male/Thabo_Mbeki_0004.jpg,Male
dataset/male/Hugo_Chavez_0002.jpg,Male
dataset/male/Bob_Hope_0003.jpg,Male
dataset/male/Choi_Sung-hong_0004.jpg,Male
dataset/male/Tom_Ridge_0005.jpg,Male
dataset/male/Muhammad_Saeed_al-Sahhaf_0004.jpg,Male
dataset/male/Emanuel_Ginobili_0003.jpg,Male
dataset/male/David_Anderson_0001.jpg,Male
dataset/male/Marco_Antonio_Barrera_0002.jpg,Male
dataset/male/Alan_Greenspan_0004.jpg,Male
dataset/male/Al_Gore_0004.jpg,Male
dataset/male/Jonathan_Edwards_0004.jpg,Male
dataset/male/Ricardo_Lagos_0004.jpg,Male
dataset/male/Kim_Dae-jung_0003.jpg,Male
dataset/male/John_Manley_0001.jpg,Male
dataset/male/John_Allen_Muhammad_0001.jpg,Male
dataset/male/Elton_John_0002.jpg,Male
dataset/male/Carlos_Moya_0005.jpg,Male
dataset/male/Sourav_Ganguly_0004.jpg,Male
dataset/male/Pedro_Malan_0005.jpg,Male
dataset/male/Richard_Armitage_0004.jpg,Male
dataset/male/Vladimir_Putin_0003.jpg,Male
dataset/male/Jack_Straw_0003.jpg,Male
dataset/male/Pierce_Brosnan_0005.jpg,Male
dataset/male/John_Stockton_0001.jpg,Male
dataset/male/David_Beckham_0003.jpg,Male
dataset/male/Gil_de_Ferran_0005.jpg,Male
dataset/male/Dominique_de_Villepin_0001.jpg,Male
dataset/male/David_Nalbandian_0001.jpg,Male
dataset/male/LeBron_James_0004.jpg,Male
dataset/male/Tony_Blair_0003.jpg,Male
dataset/male/Tiger_Woods_0005.jpg,Male
dataset/male/Arminio_Fraga_0004.jpg,Male
dataset/male/Robert_Blake_0002.jpg,Male
dataset/male/John_Abizaid_0002.jpg,Male
dataset/male/Robert_Mueller_0003.jpg,Male
dataset/male/Bertie_Ahern_0004.jpg,Male
dataset/male/Robert_Mueller_0001.jpg,Male
dataset/male/Dennis_Kucinich_0005.jpg,Male
dataset/male/Boris_Becker_0002.jpg,Male
dataset/male/Michael_Schumacher_0002.jpg,Male
dataset/male/Tony_Blair_0001.jpg,Male
dataset/male/David_Nalbandian_0003.jpg,Male
dataset/male/Dominique_de_Villepin_0003.jpg,Male
dataset/male/Donald_Rumsfeld_0002.jpg,Male
dataset/male/David_Beckham_0001.jpg,Male
dataset/male/John_Stockton_0003.jpg,Male
dataset/male/Ray_Romano_0005.jpg,Male
dataset/male/William_Ford_Jr_0002.jpg,Male
dataset/male/Vladimir_Putin_0001.jpg,Male
dataset/male/John_Howard_0002.jpg,Male
dataset/male/Jack_Straw_0001.jpg,Male
dataset/male/Jeb_Bush_0002.jpg,Male
dataset/male/Richard_Gephardt_0002.jpg,Male
dataset/male/Shimon_Peres_0004.jpg,Male
dataset/male/Charles_Moose_0002.jpg,Male
dataset/male/Michael_Phelps_0004.jpg,Male
dataset/male/Nicanor_Duarte_Frutos_0005.jpg,Male
dataset/male/John_Manley_0003.jpg,Male
dataset/male/Ricardo_Sanchez_0004.jpg,Male
dataset/male/John_Allen_Muhammad_0003.jpg,Male
dataset/male/Mike_Weir_0002.jpg,Male
dataset/male/Cruz_Bustamante_0002.jpg,Male
dataset/male/David_Anderson_0003.jpg,Male
dataset/male/Emanuel_Ginobili_0001.jpg,Male
dataset/male/Bob_Hope_0001.jpg,Male
dataset/male/George_Clooney_0004.jpg,Male
dataset/male/Pedro_Almodovar_0005.jpg,Male
dataset/male/Mahmoud_Abbas_0004.jpg,Male
dataset/male/Oswaldo_Paya_0005.jpg,Male
dataset/male/George_Robertson_0002.jpg,Male
dataset/male/Wayne_Ferreira_0004.jpg,Male
dataset/male/Bob_Stoops_0004.jpg,Male
dataset/male/Brad_Johnson_0002.jpg,Male
dataset/male/George_Pataki_0004.jpg,Male
dataset/male/Enrique_Bolanos_0001.jpg,Male
dataset/male/Fernando_Gonzalez_0004.jpg,Male
dataset/male/Alejandro_Toledo_0002.jpg,Male
dataset/male/Alejandro_Toledo_0003.jpg,Male
dataset/male/George_Pataki_0005.jpg,Male
dataset/male/Jay_Garner_0001.jpg,Male
dataset/male/Fernando_Gonzalez_0005.jpg,Male
dataset/male/Kurt_Warner_0003.jpg,Male
dataset/male/Bob_Stoops_0005.jpg,Male
dataset/male/Wayne_Ferreira_0005.jpg,Male
dataset/male/Brad_Johnson_0003.jpg,Male
dataset/male/Oswaldo_Paya_0004.jpg,Male
dataset/male/Pedro_Almodovar_0004.jpg,Male
dataset/male/Mahmoud_Abbas_0005.jpg,Male
dataset/male/Hugo_Chavez_0001.jpg,Male
dataset/male/George_Clooney_0005.jpg,Male
dataset/male/Marco_Antonio_Barrera_0001.jpg,Male
dataset/male/David_Anderson_0002.jpg,Male
dataset/male/Cruz_Bustamante_0003.jpg,Male
dataset/male/Mike_Weir_0003.jpg,Male
dataset/male/Elton_John_0001.jpg,Male
dataset/male/Nicanor_Duarte_Frutos_0004.jpg,Male
dataset/male/John_Allen_Muhammad_0002.jpg,Male
dataset/male/John_Manley_0002.jpg,Male
dataset/male/Ricardo_Sanchez_0005.jpg,Male
dataset/male/Michael_Phelps_0005.jpg,Male
dataset/male/Richard_Gephardt_0003.jpg,Male
dataset/male/Shimon_Peres_0005.jpg,Male
dataset/male/Jeb_Bush_0003.jpg,Male
dataset/male/John_Howard_0003.jpg,Male
dataset/male/William_Ford_Jr_0003.jpg,Male
dataset/male/Ray_Romano_0004.jpg,Male
dataset/male/John_Stockton_0002.jpg,Male
dataset/male/Donald_Rumsfeld_0003.jpg,Male
dataset/male/Michael_Schumacher_0003.jpg,Male
dataset/male/Dominique_de_Villepin_0002.jpg,Male
dataset/male/David_Nalbandian_0002.jpg,Male
dataset/male/Boris_Becker_0003.jpg,Male
dataset/male/Dennis_Kucinich_0004.jpg,Male
dataset/male/Robert_Blake_0001.jpg,Male
dataset/male/John_Abizaid_0001.jpg,Male
dataset/male/Vojislav_Kostunica_0004.jpg,Male
dataset/male/Bertie_Ahern_0005.jpg,Male
dataset/male/Tiger_Woods_0002.jpg,Male
dataset/male/Arminio_Fraga_0003.jpg,Male
dataset/male/John_Abizaid_0005.jpg,Male
dataset/male/Robert_Blake_0005.jpg,Male
dataset/male/Bertie_Ahern_0001.jpg,Male
dataset/male/Robert_Mueller_0004.jpg,Male
dataset/male/David_Beckham_0004.jpg,Male
dataset/male/Gil_de_Ferran_0002.jpg,Male
dataset/male/Tony_Blair_0004.jpg,Male
dataset/male/LeBron_James_0003.jpg,Male
dataset/male/Shimon_Peres_0001.jpg,Male
dataset/male/Carlos_Moya_0002.jpg,Male
dataset/male/Richard_Armitage_0003.jpg,Male
dataset/male/Sourav_Ganguly_0003.jpg,Male
dataset/male/Pedro_Malan_0002.jpg,Male
dataset/male/Yoko_Ono_0001.jpg,Male
dataset/male/Joschka_Fischer_0002.jpg,Male
dataset/male/Vladimir_Putin_0004.jpg,Male
dataset/male/Pierce_Brosnan_0002.jpg,Male
dataset/male/Jack_Straw_0004.jpg,Male
dataset/male/Jonathan_Edwards_0003.jpg,Male
dataset/male/Al_Gore_0003.jpg,Male
dataset/male/Ricardo_Lagos_0003.jpg,Male
dataset/male/Kim_Dae-jung_0004.jpg,Male
dataset/male/Michael_Phelps_0001.jpg,Male
dataset/male/Ricardo_Sanchez_0001.jpg,Male
dataset/male/Elton_John_0005.jpg,Male
dataset/male/Roh_Moo-hyun_0003.jpg,Male
dataset/male/Emanuel_Ginobili_0004.jpg,Male
dataset/male/Marco_Antonio_Barrera_0005.jpg,Male
dataset/male/Alan_Greenspan_0003.jpg,Male
dataset/male/Bob_Hope_0004.jpg,Male
dataset/male/Choi_Sung-hong_0003.jpg,Male
dataset/male/Tom_Ridge_0002.jpg,Male
dataset/male/Muhammad_Saeed_al-Sahhaf_0003.jpg,Male
dataset/male/Jesse_Jackson_0005.jpg,Male
dataset/male/Joseph_Biden_0002.jpg,Male
dataset/male/Wayne_Ferreira_0001.jpg,Male
dataset/male/Bob_Stoops_0001.jpg,Male
dataset/male/George_Clooney_0001.jpg,Male
dataset/male/Thabo_Mbeki_0003.jpg,Male
dataset/male/Hugo_Chavez_0005.jpg,Male
dataset/male/Mahmoud_Abbas_0001.jpg,Male
dataset/male/Fernando_Gonzalez_0001.jpg,Male
dataset/male/Enrique_Bolanos_0004.jpg,Male
dataset/male/George_Pataki_0001.jpg,Male
dataset/male/Jay_Garner_0005.jpg,Male
dataset/male/Vicente_Fernandez_0004.jpg,Male
dataset/male/Jason_Kidd_0002.jpg,Male
dataset/male/Vicente_Fernandez_0005.jpg,Male
dataset/male/Colin_Farrell_0002.jpg,Male
dataset/male/Jason_Kidd_0003.jpg,Male
dataset/male/Enrique_Bolanos_0005.jpg,Male
dataset/male/Jay_Garner_0004.jpg,Male
dataset/male/Hugo_Chavez_0004.jpg,Male
dataset/male/Pedro_Almodovar_0001.jpg,Male
dataset/male/Thabo_Mbeki_0002.jpg,Male
dataset/male/Martin_Scorsese_0003.jpg,Male
dataset/male/Joseph_Biden_0003.jpg,Male
dataset/male/Jesse_Jackson_0004.jpg,Male
dataset/male/Oswaldo_Paya_0001.jpg,Male
dataset/male/Muhammad_Saeed_al-Sahhaf_0002.jpg,Male
dataset/male/Tom_Ridge_0003.jpg,Male
dataset/male/Choi_Sung-hong_0002.jpg,Male
dataset/male/Bob_Hope_0005.jpg,Male
dataset/male/Alan_Greenspan_0002.jpg,Male
dataset/male/Marco_Antonio_Barrera_0004.jpg,Male
dataset/male/Roh_Moo-hyun_0002.jpg,Male
dataset/male/Emanuel_Ginobili_0005.jpg,Male
dataset/male/Elton_John_0004.jpg,Male
dataset/male/Nicanor_Duarte_Frutos_0001.jpg,Male
dataset/male/Kim_Dae-jung_0005.jpg,Male
dataset/male/Ricardo_Lagos_0002.jpg,Male
dataset/male/Al_Gore_0002.jpg,Male
dataset/male/Jonathan_Edwards_0002.jpg,Male
dataset/male/Jack_Straw_0005.jpg,Male
dataset/male/Pierce_Brosnan_0003.jpg,Male
dataset/male/Vladimir_Putin_0005.jpg,Male
dataset/male/Carlos_Moya_0003.jpg,Male
dataset/male/Pedro_Malan_0003.jpg,Male
dataset/male/Sourav_Ganguly_0002.jpg,Male
dataset/male/Richard_Armitage_0002.jpg,Male
dataset/male/LeBron_James_0002.jpg,Male
dataset/male/Tony_Blair_0005.jpg,Male
dataset/male/Gil_de_Ferran_0003.jpg,Male
dataset/male/Ray_Romano_0001.jpg,Male
dataset/male/David_Beckham_0005.jpg,Male
dataset/male/Vojislav_Kostunica_0001.jpg,Male
dataset/male/Robert_Mueller_0005.jpg,Male
dataset/male/Arminio_Fraga_0002.jpg,Male
dataset/male/Dennis_Kucinich_0001.jpg,Male
dataset/male/Robert_Blake_0004.jpg,Male
dataset/male/John_Abizaid_0004.jpg,Male
dataset/male/Tiger_Woods_0003.jpg,Male
dataset/male/Dennis_Kucinich_0003.jpg,Male
dataset/male/Tiger_Woods_0001.jpg,Male
dataset/male/Vojislav_Kostunica_0003.jpg,Male
dataset/male/Bertie_Ahern_0002.jpg,Male
dataset/male/John_Stockton_0005.jpg,Male
dataset/male/Ray_Romano_0003.jpg,Male
dataset/male/Donald_Rumsfeld_0004.jpg,Male
dataset/male/Michael_Schumacher_0004.jpg,Male
dataset/male/David_Nalbandian_0005.jpg,Male
dataset/male/Dominique_de_Villepin_0005.jpg,Male
dataset/male/Gil_de_Ferran_0001.jpg,Male
dataset/male/Boris_Becker_0004.jpg,Male
dataset/male/Pedro_Malan_0001.jpg,Male
dataset/male/Richard_Gephardt_0004.jpg,Male
dataset/male/Shimon_Peres_0002.jpg,Male
dataset/male/Charles_Moose_0004.jpg,Male
dataset/male/Carlos_Moya_0001.jpg,Male
dataset/male/Jeb_Bush_0004.jpg,Male
dataset/male/Pierce_Brosnan_0001.jpg,Male
dataset/male/John_Howard_0004.jpg,Male
dataset/male/William_Ford_Jr_0004.jpg,Male
dataset/male/Joschka_Fischer_0001.jpg,Male
dataset/male/Mike_Weir_0004.jpg,Male
dataset/male/Nicanor_Duarte_Frutos_0003.jpg,Male
dataset/male/John_Allen_Muhammad_0005.jpg,Male
dataset/male/John_Manley_0005.jpg,Male
dataset/male/Ricardo_Sanchez_0002.jpg,Male
dataset/male/Michael_Phelps_0002.jpg,Male
dataset/male/David_Anderson_0005.jpg,Male
dataset/male/Cruz_Bustamante_0004.jpg,Male
dataset/male/Tom_Ridge_0001.jpg,Male
dataset/male/Wayne_Ferreira_0002.jpg,Male
dataset/male/George_Robertson_0004.jpg,Male
dataset/male/Martin_Scorsese_0001.jpg,Male
dataset/male/Bob_Stoops_0002.jpg,Male
dataset/male/John_Ashcroft_0001.jpg,Male
dataset/male/Brad_Johnson_0004.jpg,Male
dataset/male/Oswaldo_Paya_0003.jpg,Male
dataset/male/Joseph_Biden_0001.jpg,Male
dataset/male/Mahmoud_Abbas_0002.jpg,Male
dataset/male/George_Clooney_0002.jpg,Male
dataset/male/Alejandro_Toledo_0004.jpg,Male
dataset/male/Jason_Kidd_0001.jpg,Male
dataset/male/George_Pataki_0002.jpg,Male
dataset/male/Fernando_Gonzalez_0002.jpg,Male
dataset/male/Kurt_Warner_0004.jpg,Male
dataset/male/Kurt_Warner_0005.jpg,Male
dataset/male/George_Pataki_0003.jpg,Male
dataset/male/Fernando_Gonzalez_0003.jpg,Male
dataset/male/Alejandro_Toledo_0005.jpg,Male
dataset/male/Colin_Farrell_0001.jpg,Male
dataset/male/Thabo_Mbeki_0001.jpg,Male
dataset/male/George_Clooney_0003.jpg,Male
dataset/male/Pedro_Almodovar_0002.jpg,Male
dataset/male/Mahmoud_Abbas_0003.jpg,Male
dataset/male/Oswaldo_Paya_0002.jpg,Male
dataset/male/George_Robertson_0005.jpg,Male
dataset/male/Wayne_Ferreira_0003.jpg,Male
dataset/male/Brad_Johnson_0005.jpg,Male
dataset/male/Muhammad_Saeed_al-Sahhaf_0001.jpg,Male
dataset/male/Choi_Sung-hong_0001.jpg,Male
dataset/male/Cruz_Bustamante_0005.jpg,Male
dataset/male/Alan_Greenspan_0001.jpg,Male
dataset/male/David_Anderson_0004.jpg,Male
dataset/male/Roh_Moo-hyun_0001.jpg,Male
dataset/male/Nicanor_Duarte_Frutos_0002.jpg,Male
dataset/male/John_Manley_0004.jpg,Male
dataset/male/Ricardo_Sanchez_0003.jpg,Male
dataset/male/John_Allen_Muhammad_0004.jpg,Male
dataset/male/Al_Gore_0001.jpg,Male
dataset/male/Jonathan_Edwards_0001.jpg,Male
dataset/male/Ricardo_Lagos_0001.jpg,Male
dataset/male/Mike_Weir_0005.jpg,Male
dataset/male/William_Ford_Jr_0005.jpg,Male
dataset/male/John_Howard_0005.jpg,Male
dataset/male/Jeb_Bush_0005.jpg,Male
dataset/male/Richard_Gephardt_0005.jpg,Male
dataset/male/Sourav_Ganguly_0001.jpg,Male
dataset/male/Richard_Armitage_0001.jpg,Male
dataset/male/Charles_Moose_0005.jpg,Male
dataset/male/Shimon_Peres_0003.jpg,Male
dataset/male/Boris_Becker_0005.jpg,Male
dataset/male/LeBron_James_0001.jpg,Male
dataset/male/Michael_Schumacher_0005.jpg,Male
dataset/male/Dominique_de_Villepin_0004.jpg,Male
dataset/male/David_Nalbandian_0004.jpg,Male
dataset/male/Donald_Rumsfeld_0005.jpg,Male
dataset/male/Ray_Romano_0002.jpg,Male
dataset/male/John_Stockton_0004.jpg,Male
dataset/male/Bertie_Ahern_0003.jpg,Male
dataset/male/Vojislav_Kostunica_0002.jpg,Male
dataset/male/Dennis_Kucinich_0002.jpg,Male
dataset/male/Tom_Daschle_0001.jpg,Male
dataset/male/Vicente_Fox_0005.jpg,Male
dataset/male/Mike_Myers_0003.jpg,Male
dataset/male/Silvio_Berlusconi_0003.jpg,Male
dataset/male/Richard_Gere_0003.jpg,Male
dataset/male/Juan_Carlos_Ferrero_0003.jpg,Male
dataset/male/Albert_Costa_0004.jpg,Male
dataset/male/David_Heymann_0005.jpg,Male
dataset/male/Li_Peng_0004.jpg,Male
dataset/male/Gray_Davis_0004.jpg,Male
dataset/male/Gregg_Popovich_0004.jpg,Male
dataset/male/Robert_De_Niro_0004.jpg,Male
dataset/male/Peter_Struck_0001.jpg,Male
dataset/male/Mohammad_Khatami_0002.jpg,Male
dataset/male/Edmund_Stoiber_0004.jpg,Male
dataset/male/Luis_Horna_0004.jpg,Male
dataset/male/Michael_Chang_0003.jpg,Male
dataset/male/Edward_Lu_0002.jpg,Male
dataset/male/Scott_McClellan_0001.jpg,Male
dataset/male/Xavier_Malisse_0005.jpg,Male
dataset/male/Andy_Roddick_0004.jpg,Male
dataset/male/Kim_Ryong-sung_0004.jpg,Male
dataset/male/Jiri_Novak_0002.jpg,Male
dataset/male/John_Paul_II_0003.jpg,Male
dataset/male/Michael_Bloomberg_0005.jpg,Male
dataset/male/Valentino_Rossi_0001.jpg,Male
dataset/male/Tim_Henman_0003.jpg,Male
dataset/male/George_Lopez_0002.jpg,Male
dataset/male/Norm_Coleman_0002.jpg,Male
dataset/male/Roger_Federer_0001.jpg,Male
dataset/male/Kevin_Spacey_0003.jpg,Male
dataset/male/Mahathir_Mohamad_0004.jpg,Male
dataset/male/Joe_Lieberman_0001.jpg,Male
dataset/male/Paul_Bremer_0002.jpg,Male
dataset/male/Antonio_Palocci_0001.jpg,Male
dataset/male/Luis_Ernesto_Derbez_Bautista_0002.jpg,Male
dataset/male/Antonio_Banderas_0002.jpg,Male
dataset/male/King_Abdullah_II_0001.jpg,Male
dataset/male/Thaksin_Shinawatra_0003.jpg,Male
dataset/male/Lance_Armstrong_0003.jpg,Male
dataset/male/Kamal_Kharrazi_0003.jpg,Male
dataset/male/Lance_Armstrong_0002.jpg,Male
dataset/male/Tariq_Aziz_0001.jpg,Male
dataset/male/Thaksin_Shinawatra_0002.jpg,Male
dataset/male/Luis_Ernesto_Derbez_Bautista_0003.jpg,Male
dataset/male/Antonio_Banderas_0003.jpg,Male
dataset/male/Habib_Rizieq_0003.jpg,Male
dataset/male/Tommy_Haas_0001.jpg,Male
dataset/male/Paul_Bremer_0003.jpg,Male
dataset/male/David_Wells_0001.jpg,Male
dataset/male/Kevin_Spacey_0002.jpg,Male
dataset/male/Mahathir_Mohamad_0005.jpg,Male
dataset/male/Norm_Coleman_0003.jpg,Male
dataset/male/George_Lopez_0003.jpg,Male
dataset/male/Tim_Henman_0002.jpg,Male
dataset/male/Heizo_Takenaka_0001.jpg,Male
dataset/male/John_Paul_II_0002.jpg,Male
dataset/male/Michael_Bloomberg_0004.jpg,Male
dataset/male/Mike_Krzyzewski_0004.jpg,Male
dataset/male/Jiri_Novak_0003.jpg,Male
dataset/male/Kim_Ryong-sung_0005.jpg,Male
dataset/male/Edward_Lu_0003.jpg,Male
dataset/male/Xavier_Malisse_0004.jpg,Male
dataset/male/Michael_Chang_0002.jpg,Male
dataset/male/Luis_Horna_0005.jpg,Male
dataset/male/Edmund_Stoiber_0005.jpg,Male
dataset/male/Gregg_Popovich_0005.jpg,Male
dataset/male/Robert_De_Niro_0005.jpg,Male
dataset/male/Fidel_Castro_0001.jpg,Male
dataset/male/Li_Peng_0005.jpg,Male
dataset/male/David_Heymann_0004.jpg,Male
dataset/male/Andre_Agassi_0001.jpg,Male
dataset/male/Albert_Costa_0005.jpg,Male
dataset/male/Jean-David_Levitte_0001.jpg,Male
dataset/male/Juan_Carlos_Ferrero_0002.jpg,Male
dataset/male/Richard_Gere_0002.jpg,Male
dataset/male/Silvio_Berlusconi_0002.jpg,Male
dataset/male/Mike_Myers_0002.jpg,Male
dataset/male/Gloria_Macapagal_Arroyo_0002.jpg,Male
dataset/male/John_Travolta_0001.jpg,Male
dataset/male/Vicente_Fox_0004.jpg,Male
dataset/male/Hal_Gehman_0004.jpg,Male
dataset/male/Charlton_Heston_0004.jpg,Male
dataset/male/John_Travolta_0003.jpg,Male
dataset/male/Sergio_Vieira_De_Mello_0005.jpg,Male
dataset/male/Tom_Daschle_0002.jpg,Male
dataset/male/Vincent_Brooks_0004.jpg,Male
dataset/male/Binyamin_Ben-Eliezer_0005.jpg,Male
dataset/male/Tim_Robbins_0005.jpg,Male
dataset/male/Hosni_Mubarak_0004.jpg,Male
dataset/male/Andre_Agassi_0003.jpg,Male
dataset/male/Cesar_Gaviria_0002.jpg,Male
dataset/male/Igor_Ivanov_0005.jpg,Male
dataset/male/Jean-David_Levitte_0003.jpg,Male
dataset/male/Benjamin_Netanyahu_0005.jpg,Male
dataset/male/Yao_Ming_0005.jpg,Male
dataset/male/Fidel_Castro_0003.jpg,Male
dataset/male/Mohammad_Khatami_0001.jpg,Male
dataset/male/Peter_Struck_0002.jpg,Male
dataset/male/Scott_McClellan_0002.jpg,Male
dataset/male/Jiri_Novak_0001.jpg,Male
dataset/male/Clay_Aiken_0005.jpg,Male
dataset/male/Steve_Nash_0005.jpg,Male
dataset/male/Adrien_Brody_0005.jpg,Male
dataset/male/Bulent_Ecevit_0004.jpg,Male
dataset/male/Heizo_Takenaka_0003.jpg,Male
dataset/male/Valentino_Rossi_0002.jpg,Male
dataset/male/Muhammad_Ali_0005.jpg,Male
dataset/male/George_Lopez_0001.jpg,Male
dataset/male/David_Wells_0003.jpg,Male
dataset/male/Joe_Lieberman_0002.jpg,Male
dataset/male/Norm_Coleman_0001.jpg,Male
dataset/male/Roger_Federer_0002.jpg,Male
dataset/male/Hu_Jintao_0004.jpg,Male
dataset/male/Matthew_Perry_0005.jpg,Male
dataset/male/Antonio_Palocci_0002.jpg,Male
dataset/male/Paul_Bremer_0001.jpg,Male
dataset/male/Tommy_Haas_0003.jpg,Male
dataset/male/Tariq_Aziz_0003.jpg,Male
dataset/male/King_Abdullah_II_0002.jpg,Male
dataset/male/Tommy_Franks_0005.jpg,Male
dataset/male/Antonio_Banderas_0001.jpg,Male
dataset/male/Luis_Ernesto_Derbez_Bautista_0001.jpg,Male
dataset/male/John_Negroponte_0005.jpg,Male
dataset/male/Kamal_Kharrazi_0001.jpg,Male
dataset/male/Roman_Polanski_0002.jpg,Male
dataset/male/Tom_Harkin_0005.jpg,Male
dataset/male/Rick_Perry_0005.jpg,Male
dataset/male/Steve_Lavin_0004.jpg,Male
dataset/male/Rick_Perry_0004.jpg,Male
dataset/male/Tom_Harkin_0004.jpg,Male
dataset/male/Roman_Polanski_0003.jpg,Male
dataset/male/Steve_Lavin_0005.jpg,Male
dataset/male/Lance_Armstrong_0001.jpg,Male
dataset/male/Tommy_Franks_0004.jpg,Male
dataset/male/Thaksin_Shinawatra_0001.jpg,Male
dataset/male/King_Abdullah_II_0003.jpg,Male
dataset/male/Tariq_Aziz_0002.jpg,Male
dataset/male/Tommy_Haas_0002.jpg,Male
dataset/male/Antonio_Palocci_0003.jpg,Male
dataset/male/Matthew_Perry_0004.jpg,Male
dataset/male/Hu_Jintao_0005.jpg,Male
dataset/male/Kevin_Spacey_0001.jpg,Male
dataset/male/Roger_Federer_0003.jpg,Male
dataset/male/David_Wells_0002.jpg,Male
dataset/male/Joe_Lieberman_0003.jpg,Male
dataset/male/Woody_Allen_0005.jpg,Male
dataset/male/Tim_Henman_0001.jpg,Male
dataset/male/Muhammad_Ali_0004.jpg,Male
dataset/male/Heizo_Takenaka_0002.jpg,Male
dataset/male/Valentino_Rossi_0003.jpg,Male
dataset/male/Bulent_Ecevit_0005.jpg,Male
dataset/male/John_Paul_II_0001.jpg,Male
dataset/male/Michael_Chang_0001.jpg,Male
dataset/male/Scott_McClellan_0003.jpg,Male
dataset/male/Peter_Struck_0003.jpg,Male
dataset/male/Fidel_Castro_0002.jpg,Male
dataset/male/Yao_Ming_0004.jpg,Male
dataset/male/Igor_Ivanov_0004.jpg,Male
dataset/male/Cesar_Gaviria_0003.jpg,Male
dataset/male/Benjamin_Netanyahu_0004.jpg,Male
dataset/male/Jean-David_Levitte_0002.jpg,Male
dataset/male/Juan_Carlos_Ferrero_0001.jpg,Male
dataset/male/Andre_Agassi_0002.jpg,Male
dataset/male/Tim_Robbins_0004.jpg,Male
dataset/male/Binyamin_Ben-Eliezer_0004.jpg,Male
dataset/male/Vincent_Brooks_0005.jpg,Male
dataset/male/Hosni_Mubarak_0005.jpg,Male
dataset/male/Sergio_Vieira_De_Mello_0004.jpg,Male
dataset/male/John_Travolta_0002.jpg,Male
dataset/male/Charlton_Heston_0005.jpg,Male
dataset/male/Tom_Daschle_0003.jpg,Male
dataset/male/Silvio_Berlusconi_0001.jpg,Male
dataset/male/Hal_Gehman_0005.jpg,Male
dataset/male/Mike_Myers_0001.jpg,Male
dataset/male/Gloria_Macapagal_Arroyo_0001.jpg,Male
dataset/male/Hosni_Mubarak_0001.jpg,Male
dataset/male/Vincent_Brooks_0001.jpg,Male
dataset/male/Richard_Gere_0005.jpg,Male
dataset/male/Mike_Myers_0005.jpg,Male
dataset/male/Hal_Gehman_0001.jpg,Male
dataset/male/Charlton_Heston_0001.jpg,Male
dataset/male/Vicente_Fox_0003.jpg,Male
dataset/male/Gray_Davis_0002.jpg,Male
dataset/male/David_Heymann_0003.jpg,Male
dataset/male/Juan_Carlos_Ferrero_0005.jpg,Male
dataset/male/Albert_Costa_0002.jpg,Male
dataset/male/Edward_Lu_0004.jpg,Male
dataset/male/Xavier_Malisse_0003.jpg,Male
dataset/male/Michael_Chang_0005.jpg,Male
dataset/male/Edmund_Stoiber_0002.jpg,Male
dataset/male/Gregg_Popovich_0002.jpg,Male
dataset/male/Robert_De_Niro_0002.jpg,Male
dataset/male/Mohammad_Khatami_0004.jpg,Male
dataset/male/John_Paul_II_0005.jpg,Male
dataset/male/Michael_Bloomberg_0003.jpg,Male
dataset/male/Bulent_Ecevit_0001.jpg,Male
dataset/male/Mike_Krzyzewski_0003.jpg,Male
dataset/male/Jiri_Novak_0004.jpg,Male
dataset/male/Andy_Roddick_0002.jpg,Male
dataset/male/Kim_Ryong-sung_0002.jpg,Male
dataset/male/Norm_Coleman_0004.jpg,Male
dataset/male/Kevin_Spacey_0005.jpg,Male
dataset/male/Hu_Jintao_0001.jpg,Male
dataset/male/George_Lopez_0004.jpg,Male
dataset/male/Paul_Bremer_0004.jpg,Male
dataset/male/Kamal_Kharrazi_0004.jpg,Male
dataset/male/Lance_Armstrong_0005.jpg,Male
dataset/male/Steve_Lavin_0001.jpg,Male
dataset/male/Luis_Ernesto_Derbez_Bautista_0004.jpg,Male
dataset/male/Antonio_Banderas_0004.jpg,Male
dataset/male/John_Negroponte_0001.jpg,Male
dataset/male/Luis_Ernesto_Derbez_Bautista_0005.jpg,Male
dataset/male/Tommy_Franks_0001.jpg,Male
dataset/male/Habib_Rizieq_0005.jpg,Male
dataset/male/Thaksin_Shinawatra_0004.jpg,Male
dataset/male/Lance_Armstrong_0004.jpg,Male
dataset/male/Rick_Perry_0001.jpg,Male
dataset/male/Tom_Harkin_0001.jpg,Male
dataset/male/Kamal_Kharrazi_0005.jpg,Male
dataset/male/Paul_Bremer_0005.jpg,Male
dataset/male/Matthew_Perry_0001.jpg,Male
dataset/male/George_Lopez_0005.jpg,Male
dataset/male/Kevin_Spacey_0004.jpg,Male
dataset/male/Mahathir_Mohamad_0003.jpg,Male
dataset/male/Norm_Coleman_0005.jpg,Male
dataset/male/Muhammad_Ali_0001.jpg,Male
dataset/male/Tim_Henman_0004.jpg,Male
dataset/male/Andy_Roddick_0003.jpg,Male
dataset/male/Steve_Nash_0001.jpg,Male
dataset/male/Clay_Aiken_0001.jpg,Male
dataset/male/Jiri_Novak_0005.jpg,Male
dataset/male/Mike_Krzyzewski_0002.jpg,Male
dataset/male/John_Paul_II_0004.jpg,Male
dataset/male/Michael_Bloomberg_0002.jpg,Male
dataset/male/Adrien_Brody_0001.jpg,Male
dataset/male/Gregg_Popovich_0003.jpg,Male
dataset/male/Mohammad_Khatami_0005.jpg,Male
dataset/male/Robert_De_Niro_0003.jpg,Male
dataset/male/Edmund_Stoiber_0003.jpg,Male
dataset/male/Michael_Chang_0004.jpg,Male
dataset/male/Luis_Horna_0003.jpg,Male
dataset/male/Edward_Lu_0005.jpg,Male
dataset/male/Xavier_Malisse_0002.jpg,Male
dataset/male/Albert_Costa_0003.jpg,Male
dataset/male/Benjamin_Netanyahu_0001.jpg,Male
dataset/male/Juan_Carlos_Ferrero_0004.jpg,Male
dataset/male/David_Heymann_0002.jpg,Male
dataset/male/Li_Peng_0003.jpg,Male
dataset/male/Yao_Ming_0001.jpg,Male
dataset/male/Gray_Davis_0003.jpg,Male
dataset/male/Sergio_Vieira_De_Mello_0001.jpg,Male
dataset/male/Silvio_Berlusconi_0004.jpg,Male
dataset/male/Mike_Myers_0004.jpg,Male
dataset/male/Richard_Gere_0004.jpg,Male
dataset/male/Tim_Robbins_0001.jpg,Male
dataset/male/Binyamin_Ben-Eliezer_0001.jpg,Male
dataset/male/Nancy_Pelosi_0001.jpg,Male
dataset/male/Vincent_Brooks_0002.jpg,Male
dataset/male/Binyamin_Ben-Eliezer_0003.jpg,Male
dataset/male/Tim_Robbins_0003.jpg,Male
dataset/male/Hosni_Mubarak_0002.jpg,Male
dataset/male/Charlton_Heston_0002.jpg,Male
dataset/male/Sergio_Vieira_De_Mello_0003.jpg,Male
dataset/male/John_Travolta_0005.jpg,Male
dataset/male/Tom_Daschle_0004.jpg,Male
dataset/male/Hal_Gehman_0002.jpg,Male
dataset/male/Gray_Davis_0001.jpg,Male
dataset/male/Yao_Ming_0003.jpg,Male
dataset/male/Li_Peng_0001.jpg,Male
dataset/male/Igor_Ivanov_0003.jpg,Male
dataset/male/Cesar_Gaviria_0004.jpg,Male
dataset/male/Benjamin_Netanyahu_0003.jpg,Male
dataset/male/Jean-David_Levitte_0005.jpg,Male
dataset/male/Albert_Costa_0001.jpg,Male
dataset/male/Andre_Agassi_0005.jpg,Male
dataset/male/Luis_Horna_0001.jpg,Male
dataset/male/Scott_McClellan_0004.jpg,Male
dataset/male/Robert_De_Niro_0001.jpg,Male
dataset/male/Peter_Struck_0004.jpg,Male
dataset/male/Gregg_Popovich_0001.jpg,Male
dataset/male/Edmund_Stoiber_0001.jpg,Male
dataset/male/Bulent_Ecevit_0002.jpg,Male
dataset/male/Adrien_Brody_0003.jpg,Male
dataset/male/Clay_Aiken_0003.jpg,Male
dataset/male/Kim_Ryong-sung_0001.jpg,Male
dataset/male/Andy_Roddick_0001.jpg,Male
dataset/male/Muhammad_Ali_0003.jpg,Male
dataset/male/Heizo_Takenaka_0005.jpg,Male
dataset/male/Valentino_Rossi_0004.jpg,Male
dataset/male/Roger_Federer_0004.jpg,Male
dataset/male/Mahathir_Mohamad_0001.jpg,Male
dataset/male/Hu_Jintao_0002.jpg,Male
dataset/male/David_Wells_0005.jpg,Male
dataset/male/Woody_Allen_0002.jpg,Male
dataset/male/Tommy_Haas_0005.jpg,Male
dataset/male/Paula_Radcliffe_0001.jpg,Male
dataset/male/Antonio_Palocci_0004.jpg,Male
dataset/male/Matthew_Perry_0003.jpg,Male
dataset/male/Tom_Harkin_0003.jpg,Male
dataset/male/Roman_Polanski_0004.jpg,Male
dataset/male/Rick_Perry_0003.jpg,Male
dataset/male/Steve_Lavin_0002.jpg,Male
dataset/male/Tommy_Franks_0003.jpg,Male
dataset/male/John_Negroponte_0003.jpg,Male
dataset/male/Tariq_Aziz_0005.jpg,Male
dataset/male/King_Abdullah_II_0004.jpg,Male
dataset/male/King_Abdullah_II_0005.jpg,Male
dataset/male/Tariq_Aziz_0004.jpg,Male
dataset/male/Tommy_Franks_0002.jpg,Male
dataset/male/John_Negroponte_0002.jpg,Male
dataset/male/Rick_Perry_0002.jpg,Male
dataset/male/Roman_Polanski_0005.jpg,Male
dataset/male/Tom_Harkin_0002.jpg,Male
dataset/male/Steve_Lavin_0003.jpg,Male
dataset/male/Matthew_Perry_0002.jpg,Male
dataset/male/Antonio_Palocci_0005.jpg,Male
dataset/male/Tommy_Haas_0004.jpg,Male
dataset/male/Woody_Allen_0003.jpg,Male
dataset/male/David_Wells_0004.jpg,Male
dataset/male/Joe_Lieberman_0005.jpg,Male
dataset/male/Hu_Jintao_0003.jpg,Male
dataset/male/Roger_Federer_0005.jpg,Male
dataset/male/Heizo_Takenaka_0004.jpg,Male
dataset/male/Valentino_Rossi_0005.jpg,Male
dataset/male/Muhammad_Ali_0002.jpg,Male
dataset/male/Mike_Krzyzewski_0001.jpg,Male
dataset/male/Clay_Aiken_0002.jpg,Male
dataset/male/Michael_Bloomberg_0001.jpg,Male
dataset/male/Peter_Struck_0005.jpg,Male
dataset/male/Fidel_Castro_0004.jpg,Male
dataset/male/Xavier_Malisse_0001.jpg,Male
dataset/male/Scott_McClellan_0005.jpg,Male
dataset/male/David_Heymann_0001.jpg,Male
dataset/male/Andre_Agassi_0004.jpg,Male
dataset/male/Cesar_Gaviria_0005.jpg,Male
dataset/male/Igor_Ivanov_0002.jpg,Male
dataset/male/Jean-David_Levitte_0004.jpg,Male
dataset/male/Benjamin_Netanyahu_0002.jpg,Male
dataset/male/Yao_Ming_0002.jpg,Male
dataset/male/Hal_Gehman_0003.jpg,Male
dataset/male/John_Travolta_0004.jpg,Male
dataset/male/Sergio_Vieira_De_Mello_0002.jpg,Male
dataset/male/Vicente_Fox_0001.jpg,Male
dataset/male/Charlton_Heston_0003.jpg,Male
dataset/male/Tom_Daschle_0005.jpg,Male
dataset/male/Tim_Robbins_0002.jpg,Male
dataset/male/Binyamin_Ben-Eliezer_0002.jpg,Male
dataset/male/Vincent_Brooks_0003.jpg,Male
dataset/male/Hosni_Mubarak_0003.jpg,Male
dataset/male/Tang_Jiaxuan_0004.jpg,Male
dataset/male/Bill_Gates_0001.jpg,Male
dataset/male/Jiang_Zemin_0004.jpg,Male
dataset/male/Geoff_Hoon_0003.jpg,Male
dataset/male/Sean_OKeefe_0003.jpg,Male
dataset/male/Xanana_Gusmao_0001.jpg,Male
dataset/male/Michael_Powell_0004.jpg,Male
dataset/male/Eduardo_Duhalde_0004.jpg,Male
dataset/male/Sergei_Ivanov_0003.jpg,Male
dataset/male/David_Trimble_0005.jpg,Male
dataset/male/Lucio_Gutierrez_0001.jpg,Male
dataset/male/Paul_Martin_0001.jpg,Male
dataset/male/Mohamed_ElBaradei_0004.jpg,Male
dataset/male/Lleyton_Hewitt_0003.jpg,Male
dataset/male/James_Kelly_0003.jpg,Male
dataset/male/Roger_Moore_0003.jpg,Male
dataset/male/Jacques_Chirac_0001.jpg,Male
dataset/male/Scott_Peterson_0002.jpg,Male
dataset/male/Fernando_Henrique_Cardoso_0004.jpg,Male
dataset/male/Tommy_Thompson_0005.jpg,Male
dataset/male/William_Donaldson_0004.jpg,Male
dataset/male/Kofi_Annan_0003.jpg,Male
dataset/male/Pervez_Musharraf_0005.jpg,Male
dataset/male/Charles_Taylor_0002.jpg,Male
dataset/male/Billy_Crystal_0002.jpg,Male
dataset/male/Yasser_Arafat_0001.jpg,Male
dataset/male/Rubens_Barrichello_0002.jpg,Male
dataset/male/Bill_Clinton_0005.jpg,Male
dataset/male/Oscar_De_La_Hoya_0003.jpg,Male
dataset/male/Paul_Burrell_0004.jpg,Male
dataset/male/Eduard_Shevardnadze_0005.jpg,Male
dataset/male/Jackie_Chan_0003.jpg,Male
dataset/male/William_Macy_0002.jpg,Male
dataset/male/Vaclav_Havel_0002.jpg,Male
dataset/male/Taha_Yassin_Ramadan_0005.jpg,Male
dataset/male/John_Edwards_0005.jpg,Male
dataset/male/Tom_Cruise_0001.jpg,Male
dataset/male/Paul_Wolfowitz_0003.jpg,Male
dataset/male/Bill_Graham_0005.jpg,Male
dataset/male/John_Kerry_0001.jpg,Male
dataset/male/Gerry_Adams_0001.jpg,Male
dataset/male/Paul_McCartney_0001.jpg,Male
dataset/male/George_HW_Bush_0005.jpg,Male
dataset/male/Ahmed_Chalabi_0004.jpg,Male
dataset/male/Hugh_Grant_0004.jpg,Male
dataset/male/Dennis_Hastert_0005.jpg,Male
dataset/male/Lance_Bass_0001.jpg,Male
dataset/male/Martin_McGuinness_0001.jpg,Male
dataset/male/Jimmy_Carter_0004.jpg,Male
dataset/male/Leonardo_DiCaprio_0002.jpg,Male
dataset/male/Leonardo_DiCaprio_0003.jpg,Male
dataset/male/Jimmy_Carter_0005.jpg,Male
dataset/male/Dennis_Hastert_0004.jpg,Male
dataset/male/Hugh_Grant_0005.jpg,Male
dataset/male/Nestor_Kirchner_0003.jpg,Male
dataset/male/Ahmed_Chalabi_0005.jpg,Male
dataset/male/Carlos_Menem_0002.jpg,Male
dataset/male/George_HW_Bush_0004.jpg,Male
dataset/male/Gerhard_Schroeder_0001.jpg,Male
dataset/male/Tom_Crean_0001.jpg,Male
dataset/male/Bill_Graham_0004.jpg,Male
dataset/male/John_Edwards_0004.jpg,Male
dataset/male/Paul_Wolfowitz_0002.jpg,Male
dataset/male/Taha_Yassin_Ramadan_0004.jpg,Male
dataset/male/Costas_Simitis_0005.jpg,Male
dataset/male/Richard_Virenque_0001.jpg,Male
dataset/male/Jackie_Chan_0002.jpg,Male
dataset/male/Walter_Mondale_0003.jpg,Male
dataset/male/Vaclav_Havel_0003.jpg,Male
dataset/male/William_Macy_0003.jpg,Male
dataset/male/Paul_Burrell_0005.jpg,Male
dataset/male/Oscar_De_La_Hoya_0002.jpg,Male
dataset/male/Bill_Clinton_0004.jpg,Male
dataset/male/Gunter_Pleuger_0001.jpg,Male
dataset/male/Eduard_Shevardnadze_0004.jpg,Male
dataset/male/Billy_Crystal_0003.jpg,Male
dataset/male/Rubens_Barrichello_0003.jpg,Male
dataset/male/Charles_Taylor_0003.jpg,Male
dataset/male/Pervez_Musharraf_0004.jpg,Male
dataset/male/William_Donaldson_0005.jpg,Male
dataset/male/Kofi_Annan_0002.jpg,Male
dataset/male/Tommy_Thompson_0004.jpg,Male
dataset/male/Scott_Peterson_0003.jpg,Male
dataset/male/Fernando_Henrique_Cardoso_0005.jpg,Male
dataset/male/Roger_Moore_0002.jpg,Male
dataset/male/James_Kelly_0002.jpg,Male
dataset/male/Lleyton_Hewitt_0002.jpg,Male
dataset/male/Mohamed_ElBaradei_0005.jpg,Male
dataset/male/David_Trimble_0004.jpg,Male
dataset/male/Eduardo_Duhalde_0005.jpg,Male
dataset/male/Sergei_Ivanov_0002.jpg,Male
dataset/male/Michael_Powell_0005.jpg,Male
dataset/male/Sean_OKeefe_0002.jpg,Male
dataset/male/Geoff_Hoon_0002.jpg,Male
dataset/male/Tang_Jiaxuan_0005.jpg,Male
dataset/male/Naji_Sabri_0002.jpg,Male
dataset/male/Mike_Martz_0004.jpg,Male
dataset/male/Bill_Gates_0002.jpg,Male
dataset/male/Mireya_Moscoso_0004.jpg,Male
dataset/male/Yoriko_Kawaguchi_0005.jpg,Male
dataset/male/Abdullah_Gul_0004.jpg,Male
dataset/male/Li_Zhaoxing_0005.jpg,Male
dataset/male/Thomas_OBrien_0002.jpg,Male
dataset/male/Zhu_Rongji_0004.jpg,Male
dataset/male/Ariel_Sharon_0005.jpg,Male
dataset/male/Paul_Martin_0002.jpg,Male
dataset/male/Clint_Eastwood_0002.jpg,Male
dataset/male/Lucio_Gutierrez_0002.jpg,Male
dataset/male/Scott_Peterson_0001.jpg,Male
dataset/male/Jacques_Chirac_0002.jpg,Male
dataset/male/Ralf_Schumacher_0004.jpg,Male
dataset/male/Mark_Philippoussis_0005.jpg,Male
dataset/male/Junichiro_Koizumi_0004.jpg,Male
dataset/male/Richard_Myers_0004.jpg,Male
dataset/male/Yasser_Arafat_0002.jpg,Male
dataset/male/Rubens_Barrichello_0001.jpg,Male
dataset/male/Billy_Crystal_0001.jpg,Male
dataset/male/Grant_Hackett_0005.jpg,Male
dataset/male/Charles_Taylor_0001.jpg,Male
dataset/male/William_Macy_0001.jpg,Male
dataset/male/Walter_Mondale_0001.jpg,Male
dataset/male/Gunter_Pleuger_0003.jpg,Male
dataset/male/Richard_Virenque_0003.jpg,Male
dataset/male/Al_Sharpton_0004.jpg,Male
dataset/male/Leonid_Kuchma_0005.jpg,Male
dataset/male/Tom_Crean_0003.jpg,Male
dataset/male/Lucy_Liu_0001.jpg,Male
dataset/male/Tom_Cruise_0002.jpg,Male
dataset/male/Paul_McCartney_0002.jpg,Male
dataset/male/Gerhard_Schroeder_0003.jpg,Male
dataset/male/Gerry_Adams_0002.jpg,Male
dataset/male/John_Kerry_0002.jpg,Male
dataset/male/Pete_Sampras_0005.jpg,Male
dataset/male/Tung_Chee-hwa_0003.jpg,Male
dataset/male/Martin_McGuinness_0002.jpg,Male
dataset/male/Paradorn_Srichaphan_0004.jpg,Male
dataset/male/Leonardo_DiCaprio_0001.jpg,Male
dataset/male/John_McCain_0005.jpg,Male
dataset/male/John_McCain_0004.jpg,Male
dataset/male/Lance_Bass_0003.jpg,Male
dataset/male/Paradorn_Srichaphan_0005.jpg,Male
dataset/male/Tung_Chee-hwa_0002.jpg,Male
dataset/male/Gerry_Adams_0003.jpg,Male
dataset/male/John_Kerry_0003.jpg,Male
dataset/male/Pete_Sampras_0004.jpg,Male
dataset/male/Paul_McCartney_0003.jpg,Male
dataset/male/Gerhard_Schroeder_0002.jpg,Male
dataset/male/Paul_Wolfowitz_0001.jpg,Male
dataset/male/Tom_Cruise_0003.jpg,Male
dataset/male/Tom_Crean_0002.jpg,Male
dataset/male/Al_Sharpton_0005.jpg,Male
dataset/male/Richard_Virenque_0002.jpg,Male
dataset/male/Leonid_Kuchma_0004.jpg,Male
dataset/male/Oscar_De_La_Hoya_0001.jpg,Male
dataset/male/Gunter_Pleuger_0002.jpg,Male
dataset/male/Jackie_Chan_0001.jpg,Male
dataset/male/Grant_Hackett_0004.jpg,Male
dataset/male/Richard_Myers_0005.jpg,Male
dataset/male/Junichiro_Koizumi_0005.jpg,Male
dataset/male/Kofi_Annan_0001.jpg,Male
dataset/male/Mark_Philippoussis_0004.jpg,Male
dataset/male/Ralf_Schumacher_0005.jpg,Male
dataset/male/Roger_Moore_0001.jpg,Male
dataset/male/Jacques_Chirac_0003.jpg,Male
dataset/male/Lucio_Gutierrez_0003.jpg,Male
dataset/male/Clint_Eastwood_0003.jpg,Male
dataset/male/James_Kelly_0001.jpg,Male
dataset/male/Lleyton_Hewitt_0001.jpg,Male
dataset/male/Paul_Martin_0003.jpg,Male
dataset/male/Zhu_Rongji_0005.jpg,Male
dataset/male/Sergei_Ivanov_0001.jpg,Male
dataset/male/Thomas_OBrien_0003.jpg,Male
dataset/male/Abdullah_Gul_0005.jpg,Male
dataset/male/Yoriko_Kawaguchi_0004.jpg,Male
dataset/male/Sean_OKeefe_0001.jpg,Male
dataset/male/Geoff_Hoon_0001.jpg,Male
dataset/male/Mike_Martz_0005.jpg,Male
dataset/male/Bill_Gates_0003.jpg,Male
dataset/male/Mireya_Moscoso_0001.jpg,Male
dataset/male/Geoff_Hoon_0005.jpg,Male
dataset/male/Sean_OKeefe_0005.jpg,Male
dataset/male/Abdullah_Gul_0001.jpg,Male
dataset/male/Jiang_Zemin_0002.jpg,Male
dataset/male/Tang_Jiaxuan_0002.jpg,Male
dataset/male/Nadia_Petrova_0001.jpg,Male
dataset/male/Mike_Martz_0001.jpg,Male
dataset/male/Lleyton_Hewitt_0005.jpg,Male
dataset/male/James_Kelly_0005.jpg,Male
dataset/male/David_Trimble_0003.jpg,Male
dataset/male/Sergei_Ivanov_0005.jpg,Male
dataset/male/Zhu_Rongji_0001.jpg,Male
dataset/male/Michael_Powell_0002.jpg,Male
dataset/male/Jean_Charest_0002.jpg,Male
dataset/male/Tommy_Thompson_0003.jpg,Male
dataset/male/Scott_Peterson_0004.jpg,Male
dataset/male/Fernando_Henrique_Cardoso_0002.jpg,Male
dataset/male/Roger_Moore_0005.jpg,Male
dataset/male/Ralf_Schumacher_0001.jpg,Male
dataset/male/Billy_Crystal_0004.jpg,Male
dataset/male/Richard_Myers_0001.jpg,Male
dataset/male/Rubens_Barrichello_0004.jpg,Male
dataset/male/Pervez_Musharraf_0003.jpg,Male
dataset/male/William_Donaldson_0002.jpg,Male
dataset/male/Kofi_Annan_0005.jpg,Male
dataset/male/Taha_Yassin_Ramadan_0003.jpg,Male
dataset/male/Costas_Simitis_0002.jpg,Male
dataset/male/Al_Sharpton_0001.jpg,Male
dataset/male/Jackie_Chan_0005.jpg,Male
dataset/male/William_Macy_0004.jpg,Male
dataset/male/Vaclav_Havel_0004.jpg,Male
dataset/male/Walter_Mondale_0004.jpg,Male
dataset/male/Bill_Clinton_0003.jpg,Male
dataset/male/Paul_Burrell_0002.jpg,Male
dataset/male/Oscar_De_La_Hoya_0005.jpg,Male
dataset/male/Eduard_Shevardnadze_0003.jpg,Male
dataset/male/Bill_Graham_0003.jpg,Male
dataset/male/John_Edwards_0003.jpg,Male
dataset/male/Paul_Wolfowitz_0005.jpg,Male
dataset/male/Ahmed_Chalabi_0002.jpg,Male
dataset/male/Carlos_Menem_0005.jpg,Male
dataset/male/George_HW_Bush_0003.jpg,Male
dataset/male/Leonardo_DiCaprio_0004.jpg,Male
dataset/male/Jimmy_Carter_0002.jpg,Male
dataset/male/Dennis_Hastert_0003.jpg,Male
dataset/male/Hugh_Grant_0002.jpg,Male
dataset/male/Nestor_Kirchner_0004.jpg,Male
dataset/male/Hugh_Grant_0003.jpg,Male
dataset/male/Dennis_Hastert_0002.jpg,Male
dataset/male/Jimmy_Carter_0003.jpg,Male
dataset/male/John_McCain_0001.jpg,Male
dataset/male/Leonardo_DiCaprio_0005.jpg,Male
dataset/male/George_HW_Bush_0002.jpg,Male
dataset/male/Carlos_Menem_0004.jpg,Male
dataset/male/Ahmed_Chalabi_0003.jpg,Male
dataset/male/John_Edwards_0002.jpg,Male
dataset/male/Paul_Wolfowitz_0004.jpg,Male
dataset/male/Bill_Graham_0002.jpg,Male
dataset/male/Pete_Sampras_0001.jpg,Male
dataset/male/Oscar_De_La_Hoya_0004.jpg,Male
dataset/male/Paul_Burrell_0003.jpg,Male
dataset/male/Bill_Clinton_0002.jpg,Male
dataset/male/Jackie_Chan_0004.jpg,Male
dataset/male/Walter_Mondale_0005.jpg,Male
dataset/male/Vaclav_Havel_0005.jpg,Male
dataset/male/William_Macy_0005.jpg,Male
dataset/male/Costas_Simitis_0003.jpg,Male
dataset/male/Leonid_Kuchma_0001.jpg,Male
dataset/male/William_Donaldson_0003.jpg,Male
dataset/male/Kofi_Annan_0004.jpg,Male
dataset/male/Pervez_Musharraf_0002.jpg,Male
dataset/male/Mark_Philippoussis_0001.jpg,Male
dataset/male/Charles_Taylor_0005.jpg,Male
dataset/male/Grant_Hackett_0001.jpg,Male
dataset/male/Rubens_Barrichello_0005.jpg,Male
dataset/male/Roger_Moore_0004.jpg,Male
dataset/male/Scott_Peterson_0005.jpg,Male
dataset/male/Fernando_Henrique_Cardoso_0003.jpg,Male
dataset/male/Tommy_Thompson_0002.jpg,Male
dataset/male/Nia_Vardalos_0001.jpg,Male
dataset/male/Jean_Charest_0003.jpg,Male
dataset/male/Michael_Powell_0003.jpg,Male
dataset/male/Eduardo_Duhalde_0003.jpg,Male
dataset/male/Sergei_Ivanov_0004.jpg,Male
dataset/male/David_Trimble_0002.jpg,Male
dataset/male/James_Kelly_0004.jpg,Male
dataset/male/Lleyton_Hewitt_0004.jpg,Male
dataset/male/Ariel_Sharon_0001.jpg,Male
dataset/male/Mohamed_ElBaradei_0003.jpg,Male
dataset/male/Tang_Jiaxuan_0003.jpg,Male
dataset/male/Naji_Sabri_0004.jpg,Male
dataset/male/Jiang_Zemin_0003.jpg,Male
dataset/male/Li_Zhaoxing_0001.jpg,Male
dataset/male/Yoriko_Kawaguchi_0001.jpg,Male
dataset/male/Sean_OKeefe_0004.jpg,Male
dataset/male/Geoff_Hoon_0004.jpg,Male
dataset/male/Abdullah_Gul_0002.jpg,Male
dataset/male/Yoriko_Kawaguchi_0003.jpg,Male
dataset/male/Li_Zhaoxing_0003.jpg,Male
dataset/male/Mireya_Moscoso_0002.jpg,Male
dataset/male/Nadia_Petrova_0002.jpg,Male
dataset/male/Mike_Martz_0002.jpg,Male
dataset/male/Bill_Gates_0004.jpg,Male
dataset/male/Tang_Jiaxuan_0001.jpg,Male
dataset/male/Jiang_Zemin_0001.jpg,Male
dataset/male/Clint_Eastwood_0004.jpg,Male
dataset/male/Lucio_Gutierrez_0004.jpg,Male
dataset/male/Ariel_Sharon_0003.jpg,Male
dataset/male/Paul_Martin_0004.jpg,Male
dataset/male/Zhu_Rongji_0002.jpg,Male
dataset/male/Michael_Powell_0001.jpg,Male
dataset/male/Xanana_Gusmao_0004.jpg,Male
dataset/male/Thomas_OBrien_0004.jpg,Male
dataset/male/Eduardo_Duhalde_0001.jpg,Male
dataset/male/Jean_Charest_0001.jpg,Male
dataset/male/Ralf_Schumacher_0002.jpg,Male
dataset/male/JK_Rowling_0001.jpg,Male
dataset/male/Fernando_Henrique_Cardoso_0001.jpg,Male
dataset/male/Jacques_Chirac_0004.jpg,Male
dataset/male/Grant_Hackett_0003.jpg,Male
dataset/male/Richard_Myers_0002.jpg,Male
dataset/male/Junichiro_Koizumi_0002.jpg,Male
dataset/male/William_Donaldson_0001.jpg,Male
dataset/male/Mark_Philippoussis_0003.jpg,Male
dataset/male/Al_Sharpton_0002.jpg,Male
dataset/male/Richard_Virenque_0005.jpg,Male
dataset/male/Leonid_Kuchma_0003.jpg,Male
dataset/male/Gunter_Pleuger_0005.jpg,Male
dataset/male/Paul_Burrell_0001.jpg,Male
dataset/male/Gerry_Adams_0004.jpg,Male
dataset/male/John_Kerry_0004.jpg,Male
dataset/male/Pete_Sampras_0003.jpg,Male
dataset/male/Paul_McCartney_0004.jpg,Male
dataset/male/Gerhard_Schroeder_0005.jpg,Male
dataset/male/Tom_Cruise_0004.jpg,Male
dataset/male/Tom_Crean_0005.jpg,Male
dataset/male/Tung_Chee-hwa_0005.jpg,Male
dataset/male/Ahmed_Chalabi_0001.jpg,Male
dataset/male/John_McCain_0003.jpg,Male
dataset/male/Lance_Bass_0004.jpg,Male
dataset/male/Hugh_Grant_0001.jpg,Male
dataset/male/Paradorn_Srichaphan_0002.jpg,Male
dataset/male/Claudia_Pechstein_0005.jpg,Male
dataset/male/Martin_McGuinness_0004.jpg,Male
dataset/male/Martin_McGuinness_0005.jpg,Male
dataset/male/Lance_Bass_0005.jpg,Male
dataset/male/Paradorn_Srichaphan_0003.jpg,Male
dataset/male/Dennis_Hastert_0001.jpg,Male
dataset/male/John_McCain_0002.jpg,Male
dataset/male/George_HW_Bush_0001.jpg,Male
dataset/male/Tung_Chee-hwa_0004.jpg,Male
dataset/male/Tom_Crean_0004.jpg,Male
dataset/male/Bill_Graham_0001.jpg,Male
dataset/male/Tom_Cruise_0005.jpg,Male
dataset/male/John_Edwards_0001.jpg,Male
dataset/male/Paul_McCartney_0005.jpg,Male
dataset/male/Gerhard_Schroeder_0004.jpg,Male
dataset/male/Gerry_Adams_0005.jpg,Male
dataset/male/John_Kerry_0005.jpg,Male
dataset/male/Pete_Sampras_0002.jpg,Male
dataset/male/Eduard_Shevardnadze_0001.jpg,Male
dataset/male/Bill_Clinton_0001.jpg,Male
dataset/male/Gunter_Pleuger_0004.jpg,Male
dataset/male/Taha_Yassin_Ramadan_0001.jpg,Male
dataset/male/Richard_Virenque_0004.jpg,Male
dataset/male/Al_Sharpton_0003.jpg,Male
dataset/male/Leonid_Kuchma_0002.jpg,Male
dataset/male/Pervez_Musharraf_0001.jpg,Male
dataset/male/Mark_Philippoussis_0002.jpg,Male
dataset/male/Junichiro_Koizumi_0003.jpg,Male
dataset/male/Richard_Myers_0003.jpg,Male
dataset/male/Yasser_Arafat_0005.jpg,Male
dataset/male/Grant_Hackett_0002.jpg,Male
dataset/male/Jacques_Chirac_0005.jpg,Male
dataset/male/Ralf_Schumacher_0003.jpg,Male
dataset/male/Tommy_Thompson_0001.jpg,Male
dataset/male/Thomas_OBrien_0005.jpg,Male
dataset/male/Zhu_Rongji_0003.jpg,Male
dataset/male/Xanana_Gusmao_0005.jpg,Male
dataset/male/Ariel_Sharon_0002.jpg,Male
dataset/male/Lucio_Gutierrez_0005.jpg,Male
dataset/male/David_Trimble_0001.jpg,Male
dataset/male/Clint_Eastwood_0005.jpg,Male
dataset/male/Mike_Martz_0003.jpg,Male
dataset/male/Bill_Gates_0005.jpg,Male
dataset/male/Mireya_Moscoso_0003.jpg,Male
dataset/male/Yoriko_Kawaguchi_0002.jpg,Male
dataset/male/Abdullah_Gul_0003.jpg,Male
dataset/male/Li_Zhaoxing_0002.jpg,Male
dataset/male/Arnold_Schwarzenegger_0004.jpg,Male
dataset/male/Gordon_Brown_0001.jpg,Male
dataset/male/Trent_Lott_0004.jpg,Male
dataset/male/Joan_Laporta_0003.jpg,Male
dataset/male/Dick_Cheney_0005.jpg,Male
dataset/male/Jeremy_Greenstock_0003.jpg,Male
dataset/male/Jose_Maria_Aznar_0004.jpg,Male
dataset/male/Alastair_Campbell_0001.jpg,Male
dataset/male/Zinedine_Zidane_0002.jpg,Male
dataset/male/Mick_Jagger_0004.jpg,Male
dataset/male/Rob_Marshall_0001.jpg,Male
dataset/male/Javier_Solana_0005.jpg,Male
dataset/male/Denzel_Washington_0001.jpg,Male
dataset/male/Jacques_Rogge_0001.jpg,Male
dataset/male/Luis_Gonzalez_Macchi_0002.jpg,Male
dataset/male/John_Snow_0002.jpg,Male
dataset/male/Russell_Simmons_0004.jpg,Male
dataset/male/Bill_Frist_0001.jpg,Male
dataset/male/Frank_Solich_0004.jpg,Male
dataset/male/Jose_Manuel_Durao_Barroso_0003.jpg,Male
dataset/male/Jan_Ullrich_0004.jpg,Male
dataset/male/John_Bolton_0002.jpg,Male
dataset/male/Monica_Seles_0003.jpg,Male
dataset/male/Robert_Zoellick_0004.jpg,Male
dataset/male/Fujio_Cho_0005.jpg,Male
dataset/male/Michael_Jackson_0001.jpg,Male
dataset/male/Steven_Spielberg_0003.jpg,Male
dataset/male/Sylvester_Stallone_0001.jpg,Male
dataset/male/Robert_Duvall_0004.jpg,Male
dataset/male/Paul_ONeill_0002.jpg,Male
dataset/male/Colin_Powell_0003.jpg,Male
dataset/male/Chen_Shui-bian_0002.jpg,Male
dataset/male/Larry_Brown_0004.jpg,Male
dataset/male/Alvaro_Uribe_0003.jpg,Male
dataset/male/Jim_Furyk_0003.jpg,Male
dataset/male/James_Wolfensohn_0005.jpg,Male
dataset/male/Saddam_Hussein_0004.jpg,Male
dataset/male/Ron_Dittemore_0004.jpg,Male
dataset/male/Gonzalo_Sanchez_de_Lozada_0005.jpg,Male
dataset/male/Ari_Fleischer_0005.jpg,Male
dataset/male/Nick_Nolte_0003.jpg,Male
dataset/male/Prince_Charles_0002.jpg,Male
dataset/male/Guillermo_Coria_0003.jpg,Male
dataset/male/Valery_Giscard_dEstaing_0005.jpg,Male
dataset/male/Jean-Pierre_Raffarin_0003.jpg,Male
dataset/male/Ciro_Gomes_0005.jpg,Male
dataset/male/Ian_Thorpe_0003.jpg,Male
dataset/male/Jose_Serra_0005.jpg,Male
dataset/male/Kevin_Costner_0005.jpg,Male
dataset/male/Bob_Graham_0004.jpg,Male
dataset/male/Mohammed_Al-Douri_0003.jpg,Male
dataset/male/Tony_Stewart_0001.jpg,Male
dataset/male/Mohammed_Al-Douri_0002.jpg,Male
dataset/male/Jose_Serra_0004.jpg,Male
dataset/male/Ciro_Gomes_0004.jpg,Male
dataset/male/Ian_Thorpe_0002.jpg,Male
dataset/male/Michael_Chiklis_0001.jpg,Male
dataset/male/Bob_Graham_0005.jpg,Male
dataset/male/Jake_Gyllenhaal_0001.jpg,Male
dataset/male/Kevin_Costner_0004.jpg,Male
dataset/male/Jean-Pierre_Raffarin_0002.jpg,Male
dataset/male/Guillermo_Coria_0002.jpg,Male
dataset/male/Valery_Giscard_dEstaing_0004.jpg,Male
dataset/male/Arnoldo_Aleman_0001.jpg,Male
dataset/male/Prince_Charles_0003.jpg,Male
dataset/male/Ron_Dittemore_0005.jpg,Male
dataset/male/Nick_Nolte_0002.jpg,Male
dataset/male/Ari_Fleischer_0004.jpg,Male
dataset/male/Gonzalo_Sanchez_de_Lozada_0004.jpg,Male
dataset/male/Jim_Furyk_0002.jpg,Male
dataset/male/James_Wolfensohn_0004.jpg,Male
dataset/male/Saddam_Hussein_0005.jpg,Male
dataset/male/Larry_Brown_0005.jpg,Male
dataset/male/Alvaro_Uribe_0002.jpg,Male
dataset/male/Chen_Shui-bian_0003.jpg,Male
dataset/male/Paul_ONeill_0003.jpg,Male
dataset/male/James_Blake_0001.jpg,Male
dataset/male/Colin_Powell_0002.jpg,Male
dataset/male/Robert_Duvall_0005.jpg,Male
dataset/male/Steven_Spielberg_0002.jpg,Male
dataset/male/Fujio_Cho_0004.jpg,Male
dataset/male/Ben_Affleck_0001.jpg,Male
dataset/male/Monica_Seles_0002.jpg,Male
dataset/male/John_Bolton_0003.jpg,Male
dataset/male/Gene_Robinson_0001.jpg,Male
dataset/male/Jan_Ullrich_0005.jpg,Male
dataset/male/Jose_Manuel_Durao_Barroso_0002.jpg,Male
dataset/male/Roy_Moore_0004.jpg,Male
dataset/male/Silvan_Shalom_0002.jpg,Male
dataset/male/Russell_Simmons_0005.jpg,Male
dataset/male/John_Snow_0003.jpg,Male
dataset/male/Frank_Solich_0005.jpg,Male
dataset/male/Luis_Gonzalez_Macchi_0003.jpg,Male
dataset/male/Javier_Solana_0004.jpg,Male
dataset/male/Mick_Jagger_0005.jpg,Male
dataset/male/Bernard_Law_0001.jpg,Male
dataset/male/Zinedine_Zidane_0003.jpg,Male
dataset/male/Jose_Maria_Aznar_0005.jpg,Male
dataset/male/Jeremy_Greenstock_0002.jpg,Male
dataset/male/Tom_Hanks_0001.jpg,Male
dataset/male/Dick_Cheney_0004.jpg,Male
dataset/male/Joan_Laporta_0002.jpg,Male
dataset/male/Spencer_Abraham_0001.jpg,Male
dataset/male/Trent_Lott_0005.jpg,Male
dataset/male/Rudolph_Giuliani_0001.jpg,Male
dataset/male/Arnold_Schwarzenegger_0005.jpg,Male
dataset/male/Rudolph_Giuliani_0003.jpg,Male
dataset/male/Spencer_Abraham_0003.jpg,Male
dataset/male/Gordon_Brown_0002.jpg,Male
dataset/male/Keanu_Reeves_0004.jpg,Male
dataset/male/Robert_Kocharian_0005.jpg,Male
dataset/male/Yashwant_Sinha_0004.jpg,Male
dataset/male/Tom_Hanks_0003.jpg,Male
dataset/male/Zinedine_Zidane_0001.jpg,Male
dataset/male/Alastair_Campbell_0002.jpg,Male
dataset/male/Jean_Chretien_0004.jpg,Male
dataset/male/Bernard_Law_0003.jpg,Male
dataset/male/Rob_Marshall_0002.jpg,Male
dataset/male/Howard_Dean_0004.jpg,Male
dataset/male/Ali_Naimi_0004.jpg,Male
dataset/male/Jacques_Rogge_0002.jpg,Male
dataset/male/Luis_Gonzalez_Macchi_0001.jpg,Male
dataset/male/Denzel_Washington_0002.jpg,Male
dataset/male/Recep_Tayyip_Erdogan_0005.jpg,Male
dataset/male/Bill_Frist_0002.jpg,Male
dataset/male/John_Snow_0001.jpg,Male
dataset/male/Sergey_Lavrov_0005.jpg,Male
dataset/male/Wen_Jiabao_0004.jpg,Male
dataset/male/Michael_Douglas_0005.jpg,Male
dataset/male/Gene_Robinson_0003.jpg,Male
dataset/male/John_Bolton_0001.jpg,Male
dataset/male/Romano_Prodi_0003.jpg,Male
dataset/male/Hans_Blix_0005.jpg,Male
dataset/male/Jeong_Se-hyun_0003.jpg,Male
dataset/male/Ben_Affleck_0003.jpg,Male
dataset/male/Colin_Montgomerie_0005.jpg,Male
dataset/male/Robert_Redford_0005.jpg,Male
dataset/male/Sylvester_Stallone_0002.jpg,Male
dataset/male/Atal_Bihari_Vajpayee_0004.jpg,Male
dataset/male/Rainer_Schuettler_0005.jpg,Male
dataset/male/Luiz_Inacio_Lula_da_Silva_0005.jpg,Male
dataset/male/Michael_Jackson_0002.jpg,Male
dataset/male/Bill_McBride_0005.jpg,Male
dataset/male/George_W_Bush_0004.jpg,Male
dataset/male/Chen_Shui-bian_0001.jpg,Male
dataset/male/James_Blake_0003.jpg,Male
dataset/male/Paul_ONeill_0001.jpg,Male
dataset/male/Prince_Charles_0001.jpg,Male
dataset/male/Juan_Pablo_Montoya_0005.jpg,Male
dataset/male/Arnoldo_Aleman_0003.jpg,Male
dataset/male/Jon_Gruden_0005.jpg,Male
dataset/male/Hamid_Karzai_0005.jpg,Male
dataset/male/Tony_Stewart_0003.jpg,Male
dataset/male/Jake_Gyllenhaal_0003.jpg,Male
dataset/male/Michael_Chiklis_0003.jpg,Male
dataset/male/Bill_Simon_0005.jpg,Male
dataset/male/Harrison_Ford_0005.jpg,Male
dataset/male/Jake_Gyllenhaal_0002.jpg,Male
dataset/male/Harrison_Ford_0004.jpg,Male
dataset/male/Bill_Simon_0004.jpg,Male
dataset/male/Michael_Chiklis_0002.jpg,Male
dataset/male/Ian_Thorpe_0001.jpg,Male
dataset/male/Hamid_Karzai_0004.jpg,Male
dataset/male/Tony_Stewart_0002.jpg,Male
dataset/male/Arnoldo_Aleman_0002.jpg,Male
dataset/male/Jon_Gruden_0004.jpg,Male
dataset/male/Jean-Pierre_Raffarin_0001.jpg,Male
dataset/male/Guillermo_Coria_0001.jpg,Male
dataset/male/Juan_Pablo_Montoya_0004.jpg,Male
dataset/male/Nick_Nolte_0001.jpg,Male
dataset/male/Alvaro_Uribe_0001.jpg,Male
dataset/male/Marcelo_Rios_0001.jpg,Male
dataset/male/Jim_Furyk_0001.jpg,Male
dataset/male/Colin_Powell_0001.jpg,Male
dataset/male/James_Blake_0002.jpg,Male
dataset/male/George_W_Bush_0005.jpg,Male
dataset/male/Bill_McBride_0004.jpg,Male
dataset/male/Steven_Spielberg_0001.jpg,Male
dataset/male/Michael_Jackson_0003.jpg,Male
dataset/male/Rainer_Schuettler_0004.jpg,Male
dataset/male/Atal_Bihari_Vajpayee_0005.jpg,Male
dataset/male/Sylvester_Stallone_0003.jpg,Male
dataset/male/Ben_Affleck_0002.jpg,Male
dataset/male/Robert_Redford_0004.jpg,Male
dataset/male/Jeong_Se-hyun_0002.jpg,Male
dataset/male/Jose_Manuel_Durao_Barroso_0001.jpg,Male
dataset/male/Michael_Douglas_0004.jpg,Male
dataset/male/Hans_Blix_0004.jpg,Male
dataset/male/Monica_Seles_0001.jpg,Male
dataset/male/Romano_Prodi_0002.jpg,Male
dataset/male/Gene_Robinson_0002.jpg,Male
dataset/male/Silvan_Shalom_0001.jpg,Male
dataset/male/Wen_Jiabao_0005.jpg,Male
dataset/male/Sergey_Lavrov_0004.jpg,Male
dataset/male/Bill_Frist_0003.jpg,Male
dataset/male/Recep_Tayyip_Erdogan_0004.jpg,Male
dataset/male/Denzel_Washington_0003.jpg,Male
dataset/male/Ali_Naimi_0005.jpg,Male
dataset/male/Jacques_Rogge_0003.jpg,Male
dataset/male/Howard_Dean_0005.jpg,Male
dataset/male/Rob_Marshall_0003.jpg,Male
dataset/male/Bernard_Law_0002.jpg,Male
dataset/male/Alastair_Campbell_0003.jpg,Male
dataset/male/Jean_Chretien_0005.jpg,Male
dataset/male/Joan_Laporta_0001.jpg,Male
dataset/male/Mark_Hurlbert_0005.jpg,Male
dataset/male/Robert_Kocharian_0004.jpg,Male
dataset/male/Yashwant_Sinha_0005.jpg,Male
dataset/male/Gordon_Brown_0003.jpg,Male
dataset/male/Spencer_Abraham_0002.jpg,Male
dataset/male/Rudolph_Giuliani_0002.jpg,Male
dataset/male/Yashwant_Sinha_0001.jpg,Male
dataset/male/Mark_Hurlbert_0001.jpg,Male
dataset/male/Dick_Cheney_0003.jpg,Male
dataset/male/Joan_Laporta_0005.jpg,Male
dataset/male/Trent_Lott_0002.jpg,Male
dataset/male/Keanu_Reeves_0001.jpg,Male
dataset/male/Arnold_Schwarzenegger_0002.jpg,Male
dataset/male/Zinedine_Zidane_0004.jpg,Male
dataset/male/Jose_Maria_Aznar_0002.jpg,Male
dataset/male/Jean_Chretien_0001.jpg,Male
dataset/male/Luis_Gonzalez_Macchi_0004.jpg,Male
dataset/male/Ali_Naimi_0001.jpg,Male
dataset/male/Javier_Solana_0003.jpg,Male
dataset/male/Mick_Jagger_0002.jpg,Male
dataset/male/Howard_Dean_0001.jpg,Male
dataset/male/Silvan_Shalom_0005.jpg,Male
dataset/male/Wen_Jiabao_0001.jpg,Male
dataset/male/John_Snow_0004.jpg,Male
dataset/male/Russell_Simmons_0002.jpg,Male
dataset/male/Frank_Solich_0002.jpg,Male
dataset/male/Fujio_Cho_0003.jpg,Male
dataset/male/John_Bolton_0004.jpg,Male
dataset/male/Jan_Ullrich_0002.jpg,Male
dataset/male/Robert_Zoellick_0002.jpg,Male
dataset/male/Jose_Manuel_Durao_Barroso_0005.jpg,Male
dataset/male/Roy_Moore_0003.jpg,Male
dataset/male/Chen_Shui-bian_0004.jpg,Male
dataset/male/George_W_Bush_0001.jpg,Male
dataset/male/Paul_ONeill_0004.jpg,Male
dataset/male/Colin_Powell_0005.jpg,Male
dataset/male/Atal_Bihari_Vajpayee_0001.jpg,Male
dataset/male/Robert_Duvall_0002.jpg,Male
dataset/male/Steven_Spielberg_0005.jpg,Male
dataset/male/Prince_Charles_0004.jpg,Male
dataset/male/Ron_Dittemore_0002.jpg,Male
dataset/male/Gonzalo_Sanchez_de_Lozada_0003.jpg,Male
dataset/male/Nick_Nolte_0005.jpg,Male
dataset/male/Ari_Fleischer_0003.jpg,Male
dataset/male/Jim_Furyk_0005.jpg,Male
dataset/male/James_Wolfensohn_0003.jpg,Male
dataset/male/Saddam_Hussein_0002.jpg,Male
dataset/male/Larry_Brown_0002.jpg,Male
dataset/male/Alvaro_Uribe_0005.jpg,Male
dataset/male/Ciro_Gomes_0003.jpg,Male
dataset/male/Ian_Thorpe_0005.jpg,Male
dataset/male/Jose_Serra_0003.jpg,Male
dataset/male/Kevin_Costner_0003.jpg,Male
dataset/male/Bob_Graham_0002.jpg,Male
dataset/male/Guillermo_Coria_0005.jpg,Male
dataset/male/Valery_Giscard_dEstaing_0003.jpg,Male
dataset/male/Jean-Pierre_Raffarin_0005.jpg,Male
dataset/male/Jean-Pierre_Raffarin_0004.jpg,Male
dataset/male/Jon_Gruden_0001.jpg,Male
dataset/male/Guillermo_Coria_0004.jpg,Male
dataset/male/Valery_Giscard_dEstaing_0002.jpg,Male
dataset/male/Juan_Pablo_Montoya_0001.jpg,Male
dataset/male/Jose_Serra_0002.jpg,Male
dataset/male/Harrison_Ford_0001.jpg,Male
dataset/male/Bill_Simon_0001.jpg,Male
dataset/male/Ciro_Gomes_0002.jpg,Male
dataset/male/Ian_Thorpe_0004.jpg,Male
dataset/male/Bob_Graham_0003.jpg,Male
dataset/male/Mohammed_Al-Douri_0004.jpg,Male
dataset/male/Hamid_Karzai_0001.jpg,Male
dataset/male/Larry_Brown_0003.jpg,Male
dataset/male/Alvaro_Uribe_0004.jpg,Male
dataset/male/Jim_Furyk_0004.jpg,Male
dataset/male/James_Wolfensohn_0002.jpg,Male
dataset/male/Saddam_Hussein_0003.jpg,Male
dataset/male/Erika_Harold_0002.jpg,Male
dataset/male/Ron_Dittemore_0003.jpg,Male
dataset/male/Ari_Fleischer_0002.jpg,Male
dataset/male/Nick_Nolte_0004.jpg,Male
dataset/male/Gonzalo_Sanchez_de_Lozada_0002.jpg,Male
dataset/male/Prince_Charles_0005.jpg,Male
dataset/male/Steven_Spielberg_0004.jpg,Male
dataset/male/Luiz_Inacio_Lula_da_Silva_0001.jpg,Male
dataset/male/Rainer_Schuettler_0001.jpg,Male
dataset/male/Robert_Duvall_0003.jpg,Male
dataset/male/Paul_ONeill_0005.jpg,Male
dataset/male/Colin_Powell_0004.jpg,Male
dataset/male/Bill_McBride_0001.jpg,Male
dataset/male/Jose_Manuel_Durao_Barroso_0004.jpg,Male
dataset/male/Roy_Moore_0002.jpg,Male
dataset/male/Jan_Ullrich_0003.jpg,Male
dataset/male/John_Bolton_0005.jpg,Male
dataset/male/Michael_Douglas_0001.jpg,Male
dataset/male/Robert_Zoellick_0003.jpg,Male
dataset/male/Robert_Redford_0001.jpg,Male
dataset/male/Colin_Montgomerie_0001.jpg,Male
dataset/male/Fujio_Cho_0002.jpg,Male
dataset/male/John_Snow_0005.jpg,Male
dataset/male/Frank_Solich_0003.jpg,Male
dataset/male/Recep_Tayyip_Erdogan_0001.jpg,Male
dataset/male/Sergey_Lavrov_0001.jpg,Male
dataset/male/Silvan_Shalom_0004.jpg,Male
dataset/male/Mick_Jagger_0003.jpg,Male
dataset/male/Javier_Solana_0002.jpg,Male
dataset/male/Luis_Gonzalez_Macchi_0005.jpg,Male
dataset/male/Jeremy_Greenstock_0004.jpg,Male
dataset/male/Jose_Maria_Aznar_0003.jpg,Male
dataset/male/Zinedine_Zidane_0005.jpg,Male
dataset/male/Arnold_Schwarzenegger_0003.jpg,Male
dataset/male/Trent_Lott_0003.jpg,Male
dataset/male/Joan_Laporta_0004.jpg,Male
dataset/male/Dick_Cheney_0002.jpg,Male
dataset/male/Robert_Kocharian_0001.jpg,Male
dataset/male/Mark_Hurlbert_0002.jpg,Male
dataset/male/Robert_Kocharian_0003.jpg,Male
dataset/male/Tom_Hanks_0005.jpg,Male
dataset/male/Arnold_Schwarzenegger_0001.jpg,Male
dataset/male/Gordon_Brown_0004.jpg,Male
dataset/male/Keanu_Reeves_0002.jpg,Male
dataset/male/Rudolph_Giuliani_0005.jpg,Male
dataset/male/Trent_Lott_0001.jpg,Male
dataset/male/Spencer_Abraham_0005.jpg,Male
dataset/male/Bernard_Law_0005.jpg,Male
dataset/male/Alastair_Campbell_0004.jpg,Male
dataset/male/Jose_Maria_Aznar_0001.jpg,Male
dataset/male/Jean_Chretien_0002.jpg,Male
dataset/male/Denzel_Washington_0004.jpg,Male
dataset/male/Ali_Naimi_0002.jpg,Male
dataset/male/Jacques_Rogge_0004.jpg,Male
dataset/male/Mick_Jagger_0001.jpg,Male
dataset/male/Howard_Dean_0002.jpg,Male
dataset/male/Rob_Marshall_0004.jpg,Male
dataset/male/Wen_Jiabao_0002.jpg,Male
dataset/male/Sergey_Lavrov_0003.jpg,Male
dataset/male/Bill_Frist_0004.jpg,Male
dataset/male/Recep_Tayyip_Erdogan_0003.jpg,Male
dataset/male/Frank_Solich_0001.jpg,Male
dataset/male/Russell_Simmons_0001.jpg,Male
dataset/male/Ben_Affleck_0005.jpg,Male
dataset/male/Colin_Montgomerie_0003.jpg,Male
dataset/male/Robert_Redford_0003.jpg,Male
dataset/male/Jeong_Se-hyun_0005.jpg,Male
dataset/male/Robert_Zoellick_0001.jpg,Male
dataset/male/Michael_Douglas_0003.jpg,Male
dataset/male/Jan_Ullrich_0001.jpg,Male
dataset/male/Gene_Robinson_0005.jpg,Male
dataset/male/Romano_Prodi_0005.jpg,Male
dataset/male/James_Blake_0005.jpg,Male
dataset/male/Bill_McBride_0003.jpg,Male
dataset/male/George_W_Bush_0002.jpg,Male
dataset/male/Michael_Jackson_0004.jpg,Male
dataset/male/Robert_Duvall_0001.jpg,Male
dataset/male/Sylvester_Stallone_0004.jpg,Male
dataset/male/Atal_Bihari_Vajpayee_0002.jpg,Male
dataset/male/Luiz_Inacio_Lula_da_Silva_0003.jpg,Male
dataset/male/Rainer_Schuettler_0003.jpg,Male
dataset/male/Ron_Dittemore_0001.jpg,Male
dataset/male/Larry_Brown_0001.jpg,Male
dataset/male/Saddam_Hussein_0001.jpg,Male
dataset/male/Jake_Gyllenhaal_0005.jpg,Male
dataset/male/Bob_Graham_0001.jpg,Male
dataset/male/Bill_Simon_0003.jpg,Male
dataset/male/Michael_Chiklis_0005.jpg,Male
dataset/male/Harrison_Ford_0003.jpg,Male
dataset/male/Hamid_Karzai_0003.jpg,Male
dataset/male/Tony_Stewart_0005.jpg,Male
dataset/male/Arnoldo_Aleman_0005.jpg,Male
dataset/male/Jon_Gruden_0003.jpg,Male
dataset/male/Juan_Pablo_Montoya_0003.jpg,Male
dataset/male/Juan_Pablo_Montoya_0002.jpg,Male
dataset/male/Arnoldo_Aleman_0004.jpg,Male
dataset/male/Jon_Gruden_0002.jpg,Male
dataset/male/Valery_Giscard_dEstaing_0001.jpg,Male
dataset/male/Hamid_Karzai_0002.jpg,Male
dataset/male/Tony_Stewart_0004.jpg,Male
dataset/male/Jake_Gyllenhaal_0004.jpg,Male
dataset/male/Jose_Serra_0001.jpg,Male
dataset/male/Harrison_Ford_0002.jpg,Male
dataset/male/Ciro_Gomes_0001.jpg,Male
dataset/male/Bill_Simon_0002.jpg,Male
dataset/male/James_Wolfensohn_0001.jpg,Male
dataset/male/Ari_Fleischer_0001.jpg,Male
dataset/male/Gonzalo_Sanchez_de_Lozada_0001.jpg,Male
dataset/male/Rainer_Schuettler_0002.jpg,Male
dataset/male/Luiz_Inacio_Lula_da_Silva_0002.jpg,Male
dataset/male/Atal_Bihari_Vajpayee_0003.jpg,Male
dataset/male/Sylvester_Stallone_0005.jpg,Male
dataset/male/Michael_Jackson_0005.jpg,Male
dataset/male/George_W_Bush_0003.jpg,Male
dataset/male/James_Blake_0004.jpg,Male
dataset/male/Michael_Douglas_0002.jpg,Male
dataset/male/Romano_Prodi_0004.jpg,Male
dataset/male/Hans_Blix_0002.jpg,Male
dataset/male/Gene_Robinson_0004.jpg,Male
dataset/male/Roy_Moore_0001.jpg,Male
dataset/male/Fujio_Cho_0001.jpg,Male
dataset/male/Ben_Affleck_0004.jpg,Male
dataset/male/Robert_Redford_0002.jpg,Male
dataset/male/Colin_Montgomerie_0002.jpg,Male
dataset/male/Bill_Frist_0005.jpg,Male
dataset/male/Sergey_Lavrov_0002.jpg,Male
dataset/male/Wen_Jiabao_0003.jpg,Male
dataset/male/Javier_Solana_0001.jpg,Male
dataset/male/Rob_Marshall_0005.jpg,Male
dataset/male/Howard_Dean_0003.jpg,Male
dataset/male/Ali_Naimi_0003.jpg,Male
dataset/male/Jacques_Rogge_0005.jpg,Male
dataset/male/Denzel_Washington_0005.jpg,Male
dataset/male/Alastair_Campbell_0005.jpg,Male
dataset/male/Jean_Chretien_0003.jpg,Male
dataset/male/Bernard_Law_0004.jpg,Male
dataset/male/Spencer_Abraham_0004.jpg,Male
dataset/male/Rudolph_Giuliani_0004.jpg,Male
dataset/male/Gordon_Brown_0005.jpg,Male
dataset/male/Keanu_Reeves_0003.jpg,Male
dataset/male/Robert_Kocharian_0002.jpg,Male
dataset/male/Tom_Hanks_0004.jpg,Male
dataset/male/Yashwant_Sinha_0003.jpg,Male
dataset/male/Dick_Cheney_0001.jpg,Male
dataset/male/Mark_Hurlbert_0003.jpg,Male
dataset/female/Sarah_Hughes_0002.jpg,Female
dataset/female/Madonna_0004.jpg,Female
dataset/female/Sarah_Jessica_Parker_0004.jpg,Female
dataset/female/Ann_Veneman_0005.jpg,Female
dataset/female/Holly_Hunter_0003.jpg,Female
dataset/female/Emma_Watson_0001.jpg,Female
dataset/female/Catherine_Deneuve_0004.jpg,Female
dataset/female/Elizabeth_Smart_0004.jpg,Female
dataset/female/Carla_Del_Ponte_0001.jpg,Female
dataset/female/Kalpana_Chawla_0002.jpg,Female
dataset/female/Justin_Timberlake_0004.jpg,Female
dataset/female/Amelia_Vega_0001.jpg,Female
dataset/female/Heidi_Klum_0003.jpg,Female
dataset/female/Meryl_Streep_0005.jpg,Female
dataset/female/Cameron_Diaz_0004.jpg,Female
dataset/female/Cameron_Diaz_0005.jpg,Female
dataset/female/Meryl_Streep_0004.jpg,Female
dataset/female/Maria_Shriver_0001.jpg,Female
dataset/female/Heidi_Klum_0002.jpg,Female
dataset/female/Kalpana_Chawla_0003.jpg,Female
dataset/female/Angela_Bassett_0001.jpg,Female
dataset/female/Elizabeth_Smart_0005.jpg,Female
dataset/female/Catherine_Deneuve_0005.jpg,Female
dataset/female/Holly_Hunter_0002.jpg,Female
dataset/female/Benazir_Bhutto_0001.jpg,Female
dataset/female/Ann_Veneman_0004.jpg,Female
dataset/female/Madonna_0005.jpg,Female
dataset/female/Sarah_Jessica_Parker_0005.jpg,Female
dataset/female/Julie_Gerberding_0001.jpg,Female
dataset/female/Sarah_Hughes_0003.jpg,Female
dataset/female/Julie_Gerberding_0003.jpg,Female
dataset/female/Sarah_Hughes_0001.jpg,Female
dataset/female/Benazir_Bhutto_0003.jpg,Female
dataset/female/Yoko_Ono_0004.jpg,Female
dataset/female/Serena_Williams_0005.jpg,Female
dataset/female/Kim_Dae-jung_0001.jpg,Female
dataset/female/Emma_Watson_0002.jpg,Female
dataset/female/Kim_Clijsters_0005.jpg,Female
dataset/female/Jelena_Dokic_0005.jpg,Female
dataset/female/Carla_Del_Ponte_0002.jpg,Female
dataset/female/Elizabeth_Hurley_0002.jpg,Female
dataset/female/Kalpana_Chawla_0001.jpg,Female
dataset/female/Chanda_Rubin_0005.jpg,Female
dataset/female/Vanessa_Redgrave_0004.jpg,Female
dataset/female/Nicole_Kidman_0004.jpg,Female
dataset/female/Maria_Shriver_0003.jpg,Female
dataset/female/Martha_Stewart_0005.jpg,Female
dataset/female/Enrique_Bolanos_0001.jpg,Female
dataset/female/Vicente_Fernandez_0001.jpg,Female
dataset/female/Heidi_Klum_0001.jpg,Female
dataset/female/Martha_Stewart_0004.jpg,Female
dataset/female/Maria_Shriver_0002.jpg,Female
dataset/female/Amelia_Vega_0003.jpg,Female
dataset/female/Condoleezza_Rice_0005.jpg,Female
dataset/female/Nicole_Kidman_0005.jpg,Female
dataset/female/Vanessa_Redgrave_0005.jpg,Female
dataset/female/Chanda_Rubin_0004.jpg,Female
dataset/female/Angela_Bassett_0002.jpg,Female
dataset/female/Elizabeth_Hurley_0003.jpg,Female
dataset/female/Carla_Del_Ponte_0003.jpg,Female
dataset/female/Kim_Clijsters_0004.jpg,Female
dataset/female/Emma_Watson_0003.jpg,Female
dataset/female/Serena_Williams_0004.jpg,Female
dataset/female/Yoko_Ono_0005.jpg,Female
dataset/female/Holly_Hunter_0001.jpg,Female
dataset/female/Benazir_Bhutto_0002.jpg,Female
dataset/female/Julie_Gerberding_0002.jpg,Female
dataset/female/Sarah_Hughes_0004.jpg,Female
dataset/female/Madonna_0002.jpg,Female
dataset/female/Sarah_Jessica_Parker_0002.jpg,Female
dataset/female/Holly_Hunter_0005.jpg,Female
dataset/female/Ann_Veneman_0003.jpg,Female
dataset/female/Elizabeth_Smart_0002.jpg,Female
dataset/female/Catherine_Deneuve_0002.jpg,Female
dataset/female/Justin_Timberlake_0002.jpg,Female
dataset/female/Vanessa_Redgrave_0001.jpg,Female
dataset/female/Kalpana_Chawla_0004.jpg,Female
dataset/female/Heidi_Klum_0005.jpg,Female
dataset/female/Nicole_Kidman_0001.jpg,Female
dataset/female/Condoleezza_Rice_0001.jpg,Female
dataset/female/Enrique_Bolanos_0004.jpg,Female
dataset/female/Cameron_Diaz_0002.jpg,Female
dataset/female/Meryl_Streep_0002.jpg,Female
dataset/female/Enrique_Bolanos_0005.jpg,Female
dataset/female/Cameron_Diaz_0003.jpg,Female
dataset/female/Heidi_Klum_0004.jpg,Female
dataset/female/Martha_Stewart_0001.jpg,Female
dataset/female/Chanda_Rubin_0001.jpg,Female
dataset/female/Kalpana_Chawla_0005.jpg,Female
dataset/female/Justin_Timberlake_0003.jpg,Female
dataset/female/Jelena_Dokic_0001.jpg,Female
dataset/female/Kim_Clijsters_0001.jpg,Female
dataset/female/Catherine_Deneuve_0003.jpg,Female
dataset/female/Serena_Williams_0001.jpg,Female
dataset/female/Elizabeth_Smart_0003.jpg,Female
dataset/female/Ann_Veneman_0002.jpg,Female
dataset/female/Holly_Hunter_0004.jpg,Female
dataset/female/Madonna_0003.jpg,Female
dataset/female/Sarah_Jessica_Parker_0003.jpg,Female
dataset/female/Sarah_Hughes_0005.jpg,Female
dataset/female/Julie_Gerberding_0005.jpg,Female
dataset/female/Sarah_Jessica_Parker_0001.jpg,Female
dataset/female/Madonna_0001.jpg,Female
dataset/female/Yoko_Ono_0002.jpg,Female
dataset/female/Benazir_Bhutto_0005.jpg,Female
dataset/female/Elizabeth_Smart_0001.jpg,Female
dataset/female/Emma_Watson_0004.jpg,Female
dataset/female/Serena_Williams_0003.jpg,Female
dataset/female/Catherine_Deneuve_0001.jpg,Female
dataset/female/Carla_Del_Ponte_0004.jpg,Female
dataset/female/Kim_Clijsters_0003.jpg,Female
dataset/female/Jelena_Dokic_0003.jpg,Female
dataset/female/Vanessa_Redgrave_0002.jpg,Female
dataset/female/Justin_Timberlake_0001.jpg,Female
dataset/female/Angela_Bassett_0005.jpg,Female
dataset/female/Chanda_Rubin_0003.jpg,Female
dataset/female/Elizabeth_Hurley_0004.jpg,Female
dataset/female/Maria_Shriver_0005.jpg,Female
dataset/female/Martha_Stewart_0003.jpg,Female
dataset/female/Amelia_Vega_0004.jpg,Female
dataset/female/Condoleezza_Rice_0002.jpg,Female
dataset/female/Nicole_Kidman_0002.jpg,Female
dataset/female/Cameron_Diaz_0001.jpg,Female
dataset/female/Meryl_Streep_0001.jpg,Female
dataset/female/Condoleezza_Rice_0003.jpg,Female
dataset/female/Nicole_Kidman_0003.jpg,Female
dataset/female/Amelia_Vega_0005.jpg,Female
dataset/female/Martha_Stewart_0002.jpg,Female
dataset/female/Maria_Shriver_0004.jpg,Female
dataset/female/Elizabeth_Hurley_0005.jpg,Female
dataset/female/Chanda_Rubin_0002.jpg,Female
dataset/female/Angela_Bassett_0004.jpg,Female
dataset/female/Vanessa_Redgrave_0003.jpg,Female
dataset/female/Kim_Clijsters_0002.jpg,Female
dataset/female/Jelena_Dokic_0002.jpg,Female
dataset/female/Carla_Del_Ponte_0005.jpg,Female
dataset/female/Serena_Williams_0002.jpg,Female
dataset/female/Emma_Watson_0005.jpg,Female
dataset/female/Ann_Veneman_0001.jpg,Female
dataset/female/Benazir_Bhutto_0004.jpg,Female
dataset/female/Yoko_Ono_0003.jpg,Female
dataset/female/Julie_Gerberding_0004.jpg,Female
dataset/female/Gloria_Macapagal_Arroyo_0003.jpg,Female
dataset/female/Nancy_Pelosi_0004.jpg,Female
dataset/female/Ana_Guevara_0002.jpg,Female
dataset/female/Princess_Caroline_0001.jpg,Female
dataset/female/Cesar_Gaviria_0001.jpg,Female
dataset/female/Celine_Dion_0004.jpg,Female
dataset/female/Jennifer_Aniston_0004.jpg,Female
dataset/female/Jennifer_Lopez_0005.jpg,Female
dataset/female/Carmen_Electra_0005.jpg,Female
dataset/female/Amelie_Mauresmo_0001.jpg,Female
dataset/female/Liza_Minnelli_0001.jpg,Female
dataset/female/Hillary_Clinton_0003.jpg,Female
dataset/female/Jennifer_Capriati_0002.jpg,Female
dataset/female/Paula_Radcliffe_0004.jpg,Female
dataset/female/Diana_Krall_0001.jpg,Female
dataset/female/Ana_Palacio_0002.jpg,Female
dataset/female/Habib_Rizieq_0002.jpg,Female
dataset/female/Norah_Jones_0003.jpg,Female
dataset/female/Norah_Jones_0002.jpg,Female
dataset/female/Ana_Palacio_0003.jpg,Female
dataset/female/Paula_Radcliffe_0005.jpg,Female
dataset/female/Hillary_Clinton_0002.jpg,Female
dataset/female/Jennifer_Capriati_0003.jpg,Female
dataset/female/Mariah_Carey_0001.jpg,Female
dataset/female/Carmen_Electra_0004.jpg,Female
dataset/female/Jennifer_Aniston_0005.jpg,Female
dataset/female/Celine_Dion_0005.jpg,Female
dataset/female/Jennifer_Lopez_0004.jpg,Female
dataset/female/Michelle_Kwan_0001.jpg,Female
dataset/female/Halle_Berry_0001.jpg,Female
dataset/female/Ana_Guevara_0003.jpg,Female
dataset/female/Nancy_Pelosi_0005.jpg,Female
dataset/female/Steffi_Graf_0005.jpg,Female
dataset/female/Carrie-Anne_Moss_0004.jpg,Female
dataset/female/Salma_Hayek_0005.jpg,Female
dataset/female/Ana_Guevara_0001.jpg,Female
dataset/female/Halle_Berry_0003.jpg,Female
dataset/female/Princess_Caroline_0002.jpg,Female
dataset/female/Michelle_Kwan_0003.jpg,Female
dataset/female/Pamela_Anderson_0005.jpg,Female
dataset/female/Megawati_Sukarnoputri_0005.jpg,Female
dataset/female/Mariah_Carey_0003.jpg,Female
dataset/female/Amelie_Mauresmo_0002.jpg,Female
dataset/female/Liza_Minnelli_0002.jpg,Female
dataset/female/Renee_Zellweger_0004.jpg,Female
dataset/female/Jennifer_Capriati_0001.jpg,Female
dataset/female/Ana_Palacio_0001.jpg,Female
dataset/female/Diana_Krall_0002.jpg,Female
dataset/female/Norah_Jones_0001.jpg,Female
dataset/female/Diana_Krall_0003.jpg,Female
dataset/female/Hillary_Clinton_0001.jpg,Female
dataset/female/Renee_Zellweger_0005.jpg,Female
dataset/female/Liza_Minnelli_0003.jpg,Female
dataset/female/Ludivine_Sagnier_0005.jpg,Female
dataset/female/Steve_Nash_0004.jpg,Female
dataset/female/Amelie_Mauresmo_0003.jpg,Female
dataset/female/Mariah_Carey_0002.jpg,Female
dataset/female/Megawati_Sukarnoputri_0004.jpg,Female
dataset/female/Pamela_Anderson_0004.jpg,Female
dataset/female/Princess_Caroline_0003.jpg,Female
dataset/female/Michelle_Kwan_0002.jpg,Female
dataset/female/Halle_Berry_0002.jpg,Female
dataset/female/Carrie-Anne_Moss_0005.jpg,Female
dataset/female/Salma_Hayek_0004.jpg,Female
dataset/female/Steffi_Graf_0004.jpg,Female
dataset/female/Carrie-Anne_Moss_0001.jpg,Female
dataset/female/Nancy_Pelosi_0002.jpg,Female
dataset/female/Ana_Guevara_0004.jpg,Female
dataset/female/Gloria_Macapagal_Arroyo_0005.jpg,Female
dataset/female/Carmen_Electra_0003.jpg,Female
dataset/female/Celine_Dion_0002.jpg,Female
dataset/female/Jennifer_Aniston_0002.jpg,Female
dataset/female/Jennifer_Lopez_0003.jpg,Female
dataset/female/Ludivine_Sagnier_0001.jpg,Female
dataset/female/Hillary_Clinton_0005.jpg,Female
dataset/female/Jennifer_Capriati_0004.jpg,Female
dataset/female/Renee_Zellweger_0001.jpg,Female
dataset/female/Ana_Palacio_0004.jpg,Female
dataset/female/Paula_Radcliffe_0002.jpg,Female
dataset/female/Norah_Jones_0005.jpg,Female
dataset/female/Norah_Jones_0004.jpg,Female
dataset/female/Paula_Radcliffe_0003.jpg,Female
dataset/female/Ana_Palacio_0005.jpg,Female
dataset/female/Hillary_Clinton_0004.jpg,Female
dataset/female/Jennifer_Capriati_0005.jpg,Female
dataset/female/Jennifer_Aniston_0003.jpg,Female
dataset/female/Celine_Dion_0003.jpg,Female
dataset/female/Jennifer_Lopez_0002.jpg,Female
dataset/female/Megawati_Sukarnoputri_0001.jpg,Female
dataset/female/Pamela_Anderson_0001.jpg,Female
dataset/female/Carmen_Electra_0002.jpg,Female
dataset/female/Steffi_Graf_0001.jpg,Female
dataset/female/Gloria_Macapagal_Arroyo_0004.jpg,Female
dataset/female/Ana_Guevara_0005.jpg,Female
dataset/female/Nancy_Pelosi_0003.jpg,Female
dataset/female/Salma_Hayek_0001.jpg,Female
dataset/female/Halle_Berry_0005.jpg,Female
dataset/female/Carrie-Anne_Moss_0002.jpg,Female
dataset/female/Salma_Hayek_0003.jpg,Female
dataset/female/Steffi_Graf_0003.jpg,Female
dataset/female/Pamela_Anderson_0003.jpg,Female
dataset/female/Megawati_Sukarnoputri_0003.jpg,Female
dataset/female/Princess_Caroline_0004.jpg,Female
dataset/female/Michelle_Kwan_0005.jpg,Female
dataset/female/Celine_Dion_0001.jpg,Female
dataset/female/Jennifer_Aniston_0001.jpg,Female
dataset/female/Mariah_Carey_0005.jpg,Female
dataset/female/Ludivine_Sagnier_0002.jpg,Female
dataset/female/Steve_Nash_0003.jpg,Female
dataset/female/Amelie_Mauresmo_0004.jpg,Female
dataset/female/Liza_Minnelli_0004.jpg,Female
dataset/female/Renee_Zellweger_0002.jpg,Female
dataset/female/Diana_Krall_0004.jpg,Female
dataset/female/Diana_Krall_0005.jpg,Female
dataset/female/Renee_Zellweger_0003.jpg,Female
dataset/female/Liza_Minnelli_0005.jpg,Female
dataset/female/Steve_Nash_0002.jpg,Female
dataset/female/Ludivine_Sagnier_0003.jpg,Female
dataset/female/Mariah_Carey_0004.jpg,Female
dataset/female/Jennifer_Lopez_0001.jpg,Female
dataset/female/Princess_Caroline_0005.jpg,Female
dataset/female/Michelle_Kwan_0004.jpg,Female
dataset/female/Carmen_Electra_0001.jpg,Female
dataset/female/Megawati_Sukarnoputri_0002.jpg,Female
dataset/female/Pamela_Anderson_0002.jpg,Female
dataset/female/Steffi_Graf_0002.jpg,Female
dataset/female/Salma_Hayek_0002.jpg,Female
dataset/female/Halle_Berry_0004.jpg,Female
dataset/female/Goldie_Hawn_0003.jpg,Female
dataset/female/JK_Rowling_0004.jpg,Female
dataset/female/Justine_Pasek_0001.jpg,Female
dataset/female/Sheryl_Crow_0004.jpg,Female
dataset/female/Susan_Sarandon_0003.jpg,Female
dataset/female/Clara_Harris_0003.jpg,Female
dataset/female/Maria_Soledad_Alvear_Valenzuela_0003.jpg,Female
dataset/female/Lucy_Liu_0002.jpg,Female
dataset/female/Sharon_Stone_0001.jpg,Female
dataset/female/Julianne_Moore_0003.jpg,Female
dataset/female/Catherine_Zeta-Jones_0001.jpg,Female
dataset/female/Julianne_Moore_0002.jpg,Female
dataset/female/Claudia_Pechstein_0001.jpg,Female
dataset/female/Lucy_Liu_0003.jpg,Female
dataset/female/Maria_Soledad_Alvear_Valenzuela_0002.jpg,Female
dataset/female/Clara_Harris_0002.jpg,Female
dataset/female/Lindsay_Davenport_0001.jpg,Female
dataset/female/Susan_Sarandon_0002.jpg,Female
dataset/female/Sheryl_Crow_0005.jpg,Female
dataset/female/Victoria_Clarke_0001.jpg,Female
dataset/female/Kate_Hudson_0001.jpg,Female
dataset/female/JK_Rowling_0005.jpg,Female
dataset/female/Nadia_Petrova_0004.jpg,Female
dataset/female/Christine_Baumgartner_0005.jpg,Female
dataset/female/Venus_Williams_0005.jpg,Female
dataset/female/Queen_Rania_0005.jpg,Female
dataset/female/Natalie_Maines_0004.jpg,Female
dataset/female/Kate_Hudson_0003.jpg,Female
dataset/female/Nia_Vardalos_0005.jpg,Female
dataset/female/Victoria_Clarke_0003.jpg,Female
dataset/female/Justine_Pasek_0002.jpg,Female
dataset/female/Lindsay_Davenport_0003.jpg,Female
dataset/female/Claudia_Pechstein_0003.jpg,Female
dataset/female/Nestor_Kirchner_0001.jpg,Female
dataset/female/Catherine_Zeta-Jones_0003.jpg,Female
dataset/female/Catherine_Zeta-Jones_0002.jpg,Female
dataset/female/Claudia_Pechstein_0002.jpg,Female
dataset/female/Carlos_Menem_0001.jpg,Female
dataset/female/Sharon_Stone_0003.jpg,Female
dataset/female/Maria_Soledad_Alvear_Valenzuela_0001.jpg,Female
dataset/female/Clara_Harris_0001.jpg,Female
dataset/female/Susan_Sarandon_0001.jpg,Female
dataset/female/Lindsay_Davenport_0002.jpg,Female
dataset/female/Justine_Pasek_0003.jpg,Female
dataset/female/Victoria_Clarke_0002.jpg,Female
dataset/female/Nia_Vardalos_0004.jpg,Female
dataset/female/Natalie_Maines_0005.jpg,Female
dataset/female/Goldie_Hawn_0001.jpg,Female
dataset/female/Queen_Rania_0004.jpg,Female
dataset/female/Venus_Williams_0004.jpg,Female
dataset/female/Christine_Baumgartner_0004.jpg,Female
dataset/female/Mireya_Moscoso_0005.jpg,Female
dataset/female/Naji_Sabri_0001.jpg,Female
dataset/female/Nadia_Petrova_0005.jpg,Female
dataset/female/Mohamed_ElBaradei_0002.jpg,Female
dataset/female/Natalie_Maines_0001.jpg,Female
dataset/female/Goldie_Hawn_0005.jpg,Female
dataset/female/JK_Rowling_0002.jpg,Female
dataset/female/Susan_Sarandon_0005.jpg,Female
dataset/female/Sheryl_Crow_0002.jpg,Female
dataset/female/Junichiro_Koizumi_0001.jpg,Female
dataset/female/Clara_Harris_0005.jpg,Female
dataset/female/Lucy_Liu_0004.jpg,Female
dataset/female/Maria_Soledad_Alvear_Valenzuela_0005.jpg,Female
dataset/female/Julianne_Moore_0005.jpg,Female
dataset/female/Paradorn_Srichaphan_0001.jpg,Female
dataset/female/Julianne_Moore_0004.jpg,Female
dataset/female/Maria_Soledad_Alvear_Valenzuela_0004.jpg,Female
dataset/female/Lucy_Liu_0005.jpg,Female
dataset/female/Clara_Harris_0004.jpg,Female
dataset/female/Sheryl_Crow_0003.jpg,Female
dataset/female/Susan_Sarandon_0004.jpg,Female
dataset/female/JK_Rowling_0003.jpg,Female
dataset/female/Goldie_Hawn_0004.jpg,Female
dataset/female/Queen_Rania_0001.jpg,Female
dataset/female/Venus_Williams_0001.jpg,Female
dataset/female/Christine_Baumgartner_0001.jpg,Female
dataset/female/Christine_Baumgartner_0003.jpg,Female
dataset/female/Natalie_Maines_0002.jpg,Female
dataset/female/Mohamed_ElBaradei_0001.jpg,Female
dataset/female/Venus_Williams_0003.jpg,Female
dataset/female/Queen_Rania_0003.jpg,Female
dataset/female/Nia_Vardalos_0003.jpg,Female
dataset/female/Victoria_Clarke_0005.jpg,Female
dataset/female/Kate_Hudson_0005.jpg,Female
dataset/female/Sheryl_Crow_0001.jpg,Female
dataset/female/Lindsay_Davenport_0005.jpg,Female
dataset/female/Justine_Pasek_0004.jpg,Female
dataset/female/Sharon_Stone_0004.jpg,Female
dataset/female/Catherine_Zeta-Jones_0005.jpg,Female
dataset/female/Claudia_Pechstein_0004.jpg,Female
dataset/female/Catherine_Zeta-Jones_0004.jpg,Female
dataset/female/Sharon_Stone_0005.jpg,Female
dataset/female/Justine_Pasek_0005.jpg,Female
dataset/female/Lindsay_Davenport_0004.jpg,Female
dataset/female/Kate_Hudson_0004.jpg,Female
dataset/female/Victoria_Clarke_0004.jpg,Female
dataset/female/Nia_Vardalos_0002.jpg,Female
dataset/female/Queen_Rania_0002.jpg,Female
dataset/female/Venus_Williams_0002.jpg,Female
dataset/female/Natalie_Maines_0003.jpg,Female
dataset/female/Nadia_Petrova_0003.jpg,Female
dataset/female/Christine_Baumgartner_0002.jpg,Female
dataset/female/Angela_Merkel_0005.jpg,Female
dataset/female/Jennifer_Garner_0003.jpg,Female
dataset/female/Ashanti_0001.jpg,Female
dataset/female/Martina_McBride_0003.jpg,Female
dataset/female/Calista_Flockhart_0005.jpg,Female
dataset/female/Anna_Kournikova_0001.jpg,Female
dataset/female/Allyson_Felix_0001.jpg,Female
dataset/female/Erika_Harold_0005.jpg,Female
dataset/female/Marcelo_Rios_0003.jpg,Female
dataset/female/Gwyneth_Paltrow_0001.jpg,Female
dataset/female/Naomi_Watts_0003.jpg,Female
dataset/female/Michelle_Yeoh_0003.jpg,Female
dataset/female/Natalie_Coughlin_0001.jpg,Female
dataset/female/Naomi_Watts_0002.jpg,Female
dataset/female/Michelle_Yeoh_0002.jpg,Female
dataset/female/Marcelo_Rios_0002.jpg,Female
dataset/female/Erika_Harold_0004.jpg,Female
dataset/female/Calista_Flockhart_0004.jpg,Female
dataset/female/Jeong_Se-hyun_0001.jpg,Female
dataset/female/Martina_McBride_0002.jpg,Female
dataset/female/Jennifer_Garner_0002.jpg,Female
dataset/female/Christine_Todd_Whitman_0001.jpg,Female
dataset/female/Angela_Merkel_0004.jpg,Female
dataset/female/Ai_Sugiyama_0004.jpg,Female
dataset/female/Christine_Todd_Whitman_0003.jpg,Female
dataset/female/Sophia_Loren_0005.jpg,Female
dataset/female/Elsa_Zylberstein_0004.jpg,Female
dataset/female/Winona_Ryder_0005.jpg,Female
dataset/female/Kristanna_Loken_0004.jpg,Female
dataset/female/Queen_Elizabeth_II_0005.jpg,Female
dataset/female/Anna_Kournikova_0002.jpg,Female
dataset/female/Ashanti_0002.jpg,Female
dataset/female/Britney_Spears_0004.jpg,Female
dataset/female/Laura_Bush_0004.jpg,Female
dataset/female/Allyson_Felix_0002.jpg,Female
dataset/female/Gwyneth_Paltrow_0002.jpg,Female
dataset/female/Hitomi_Soga_0005.jpg,Female
dataset/female/Natalie_Coughlin_0002.jpg,Female
dataset/female/Michelle_Yeoh_0001.jpg,Female
dataset/female/Naomi_Watts_0001.jpg,Female
dataset/female/Natalie_Coughlin_0003.jpg,Female
dataset/female/Hitomi_Soga_0004.jpg,Female
dataset/female/Gwyneth_Paltrow_0003.jpg,Female
dataset/female/Allyson_Felix_0003.jpg,Female
dataset/female/Laura_Bush_0005.jpg,Female
dataset/female/Britney_Spears_0005.jpg,Female
dataset/female/Angelina_Jolie_0005.jpg,Female
dataset/female/Martina_McBride_0001.jpg,Female
dataset/female/Ashanti_0003.jpg,Female
dataset/female/Anna_Kournikova_0003.jpg,Female
dataset/female/Queen_Elizabeth_II_0004.jpg,Female
dataset/female/Kristanna_Loken_0005.jpg,Female
dataset/female/Elsa_Zylberstein_0005.jpg,Female
dataset/female/Winona_Ryder_0004.jpg,Female
dataset/female/Jennifer_Garner_0001.jpg,Female
dataset/female/Sophia_Loren_0004.jpg,Female
dataset/female/Christine_Todd_Whitman_0002.jpg,Female
dataset/female/Ai_Sugiyama_0005.jpg,Female
dataset/female/Ai_Sugiyama_0001.jpg,Female
dataset/female/Jennifer_Garner_0005.jpg,Female
dataset/female/Elsa_Zylberstein_0001.jpg,Female
dataset/female/Kristanna_Loken_0001.jpg,Female
dataset/female/Angelina_Jolie_0001.jpg,Female
dataset/female/Britney_Spears_0001.jpg,Female
dataset/female/Calista_Flockhart_0003.jpg,Female
dataset/female/Monica_Seles_0005.jpg,Female
dataset/female/Martina_McBride_0005.jpg,Female
dataset/female/Laura_Bush_0001.jpg,Female
dataset/female/Marcelo_Rios_0005.jpg,Female
dataset/female/Naomi_Watts_0005.jpg,Female
dataset/female/Michelle_Yeoh_0005.jpg,Female
dataset/female/Naomi_Watts_0004.jpg,Female
dataset/female/Michelle_Yeoh_0004.jpg,Female
dataset/female/Erika_Harold_0002.jpg,Female
dataset/female/Marcelo_Rios_0004.jpg,Female
dataset/female/Rainer_Schuettler_0001.jpg,Female
dataset/female/Martina_McBride_0004.jpg,Female
dataset/female/Monica_Seles_0004.jpg,Female
dataset/female/Queen_Elizabeth_II_0001.jpg,Female
dataset/female/Calista_Flockhart_0002.jpg,Female
dataset/female/Winona_Ryder_0001.jpg,Female
dataset/female/Jennifer_Garner_0004.jpg,Female
dataset/female/Sophia_Loren_0001.jpg,Female
dataset/female/Angela_Merkel_0002.jpg,Female
dataset/female/Ai_Sugiyama_0002.jpg,Female
dataset/female/Sophia_Loren_0003.jpg,Female
dataset/female/Kristanna_Loken_0002.jpg,Female
dataset/female/Elsa_Zylberstein_0002.jpg,Female
dataset/female/Winona_Ryder_0003.jpg,Female
dataset/female/Britney_Spears_0002.jpg,Female
dataset/female/Angelina_Jolie_0002.jpg,Female
dataset/female/Ashanti_0004.jpg,Female
dataset/female/Queen_Elizabeth_II_0003.jpg,Female
dataset/female/Anna_Kournikova_0004.jpg,Female
dataset/female/Laura_Bush_0002.jpg,Female
dataset/female/Gwyneth_Paltrow_0004.jpg,Female
dataset/female/Allyson_Felix_0004.jpg,Female
dataset/female/Hitomi_Soga_0003.jpg,Female
dataset/female/Natalie_Coughlin_0004.jpg,Female
dataset/female/Natalie_Coughlin_0005.jpg,Female
dataset/female/Hitomi_Soga_0002.jpg,Female
dataset/female/Kevin_Costner_0001.jpg,Female
dataset/female/Erika_Harold_0001.jpg,Female
dataset/female/Allyson_Felix_0005.jpg,Female
dataset/female/Laura_Bush_0003.jpg,Female
dataset/female/Queen_Elizabeth_II_0002.jpg,Female
dataset/female/Calista_Flockhart_0001.jpg,Female
dataset/female/Ashanti_0005.jpg,Female
dataset/female/Angelina_Jolie_0003.jpg,Female
dataset/female/Britney_Spears_0003.jpg,Female
dataset/female/Elsa_Zylberstein_0003.jpg,Female
dataset/female/Winona_Ryder_0002.jpg,Female
dataset/female/Kristanna_Loken_0003.jpg,Female
dataset/female/Sophia_Loren_0002.jpg,Female
dataset/female/Angela_Merkel_0001.jpg,Female
dataset/female/Ai_Sugiyama_0003.jpg,Female
dataset/female/Christine_Todd_Whitman_0004.jpg,Female
